Symbol,Scientific_Name,Link,Common_Name
ABAM,Abies,https://plants.usda.gov/java/profile?symbol=ABAM,Pacific silver fir
ABBA,Abies,https://plants.usda.gov/java/profile?symbol=ABBA,balsam fir
ABCO,Abies,https://plants.usda.gov/java/profile?symbol=ABCO,white fir
ABGR,Abies,https://plants.usda.gov/java/profile?symbol=ABGR,grand fir
ABLA,Abies,https://plants.usda.gov/java/profile?symbol=ABLA,subalpine fir
ABFR3,Abutilon,https://plants.usda.gov/java/profile?symbol=ABFR3,Texas Indian mallow
ACKO,Acacia,https://plants.usda.gov/java/profile?symbol=ACKO,koa
ACKO2,Acacia,https://plants.usda.gov/java/profile?symbol=ACKO2,koaoha
ACAN11,Acaciella,https://plants.usda.gov/java/profile?symbol=ACAN11,prairie acacia
ACAN,Acaciella,https://plants.usda.gov/java/profile?symbol=ACANH2,prairie acacia
ACANH2,Acer,https://plants.usda.gov/java/profile?symbol=ACCI,vine maple
ACANH,Acer,https://plants.usda.gov/java/profile?symbol=ACGI,Amur maple
ACCI,Acer,https://plants.usda.gov/java/profile?symbol=ACGL,Rocky Mountain maple
ACGI,Acer,https://plants.usda.gov/java/profile?symbol=ACMA3,bigleaf maple
ACGL,Acer,https://plants.usda.gov/java/profile?symbol=ACNE2,boxelder
ACMA3,Acer,https://plants.usda.gov/java/profile?symbol=ACRU,red maple
ACNE2,Acer,https://plants.usda.gov/java/profile?symbol=ACSA2,silver maple
ACRU,Acer,https://plants.usda.gov/java/profile?symbol=ACSA3,sugar maple
ACSA2,Achillea,https://plants.usda.gov/java/profile?symbol=ACMI2,common yarrow
ACSA3,Achillea,https://plants.usda.gov/java/profile?symbol=ACMIO,western yarrow
ACMI2,Achnatherum,https://plants.usda.gov/java/profile?symbol=ACHY,Indian ricegrass
ACMIO,Achnatherum,https://plants.usda.gov/java/profile?symbol=ACLE8,Lemmon's needlegrass
ACHY,Achnatherum,https://plants.usda.gov/java/profile?symbol=ACNE9,Columbia needlegrass
ACLE8,Achnatherum,https://plants.usda.gov/java/profile?symbol=ACOC3,western needlegrass
ACNE9,Achnatherum,https://plants.usda.gov/java/profile?symbol=ACSP12,desert needlegrass
ACOC3,Achnatherum,https://plants.usda.gov/java/profile?symbol=ACTH7,Thurber's needlegrass
ACSP12,Achyranthes,https://plants.usda.gov/java/profile?symbol=ACSP3,Maui chaff flower
ACTH7,Acorus,https://plants.usda.gov/java/profile?symbol=ACCA4,calamus
ACSP3,Aeschynomene,https://plants.usda.gov/java/profile?symbol=AEAM,shyleaf
ACCA4,Aesculus,https://plants.usda.gov/java/profile?symbol=AECA,California buckeye
AEAM,Aesculus,https://plants.usda.gov/java/profile?symbol=AEGL,Ohio buckeye
AECA,Agastache,https://plants.usda.gov/java/profile?symbol=AGSC,purple giant hyssop
AEGL,Agoseris,https://plants.usda.gov/java/profile?symbol=AGGR,bigflower agoseris
AGSC,Agoseris,https://plants.usda.gov/java/profile?symbol=AGHE2,annual agoseris
AGGR,Agropyron,https://plants.usda.gov/java/profile?symbol=AGCR,crested wheatgrass
AGHE2,Agropyron,https://plants.usda.gov/java/profile?symbol=AGDE2,desert wheatgrass
AGCR,Agropyron,https://plants.usda.gov/java/profile?symbol=AGFR,Siberian wheatgrass
AGDE2,Agrostis,https://plants.usda.gov/java/profile?symbol=AGEX,spike bentgrass
AGFR,Agrostis,https://plants.usda.gov/java/profile?symbol=AGGI2,redtop
AGEX,Alisma,https://plants.usda.gov/java/profile?symbol=ALSU,American water plantain
AGGI2,Allium,https://plants.usda.gov/java/profile?symbol=ALBIB,twincrest onion
ALSU,Allium,https://plants.usda.gov/java/profile?symbol=ALHY,glassy onion
ALBIB,Allium,https://plants.usda.gov/java/profile?symbol=ALUN,oneleaf onion
ALHY,Alnus,https://plants.usda.gov/java/profile?symbol=ALGL2,European alder
ALUN,Alnus,https://plants.usda.gov/java/profile?symbol=ALIN2,gray alder
ALGL2,Alnus,https://plants.usda.gov/java/profile?symbol=ALINR,speckled alder
ALIN2,Alnus,https://plants.usda.gov/java/profile?symbol=ALRU2,red alder
ALINR,Alnus,https://plants.usda.gov/java/profile?symbol=ALSE2,hazel alder
ALRU2,Alnus,https://plants.usda.gov/java/profile?symbol=ALVIS,Sitka alder
ALSE2,Alopecurus,https://plants.usda.gov/java/profile?symbol=ALAR,creeping meadow foxtail
ALVIS,Alyssum,https://plants.usda.gov/java/profile?symbol=ALDE,desert madwort
ALAR,Amelanchier,https://plants.usda.gov/java/profile?symbol=AMAL2,Saskatoon serviceberry
ALDE,Amelanchier,https://plants.usda.gov/java/profile?symbol=AMALS,Saskatoon serviceberry
AMAL2,Amelanchier,https://plants.usda.gov/java/profile?symbol=AMAR3,common serviceberry
AMALS,Amelanchier,https://plants.usda.gov/java/profile?symbol=AMCA4,Canadian serviceberry
AMAR3,Amelanchier,https://plants.usda.gov/java/profile?symbol=AMUT,Utah serviceberry
AMCA4,Ammophila,https://plants.usda.gov/java/profile?symbol=AMBR,American beachgrass
AMUT,Amorpha,https://plants.usda.gov/java/profile?symbol=AMCA6,leadplant
AMBR,Amorpha,https://plants.usda.gov/java/profile?symbol=AMFR,false indigo bush
AMCA6,Amphicarpaea,https://plants.usda.gov/java/profile?symbol=AMBR2,American hogpeanut
AMFR,Amphicarpum,https://plants.usda.gov/java/profile?symbol=AMMU2,Muhlenberg maidencane
AMBR2,Andropogon,https://plants.usda.gov/java/profile?symbol=ANCA4,chalky bluestem
AMMU2,Andropogon,https://plants.usda.gov/java/profile?symbol=ANGE,big bluestem
ANCA4,Andropogon,https://plants.usda.gov/java/profile?symbol=ANGL2,bushy bluestem
ANGE,Andropogon,https://plants.usda.gov/java/profile?symbol=ANGYG,Elliott's bluestem
ANGL2,Andropogon,https://plants.usda.gov/java/profile?symbol=ANHA,sand bluestem
ANGYG,Andropogon,https://plants.usda.gov/java/profile?symbol=ANTE2,splitbeard bluestem
ANHA,Andropogon,https://plants.usda.gov/java/profile?symbol=ANVI2,broomsedge bluestem
ANTE2,Anemopsis,https://plants.usda.gov/java/profile?symbol=ANCA10,yerba mansa
ANVI2,Anthaenantia,https://plants.usda.gov/java/profile?symbol=ANVI4,green silkyscale
ANCA10,Apios,https://plants.usda.gov/java/profile?symbol=APAM,groundnut
ANVI4,Apocynum,https://plants.usda.gov/java/profile?symbol=APCA,Indianhemp
APAM,Aquilegia,https://plants.usda.gov/java/profile?symbol=AQCA,red columbine
APCA,Arbutus,https://plants.usda.gov/java/profile?symbol=ARME,Pacific madrone
AQCA,Arctomecon,https://plants.usda.gov/java/profile?symbol=ARHU3,common bearpoppy
ARME,Arctostaphylos,https://plants.usda.gov/java/profile?symbol=ARCO3,hairy manzanita
ARHU3,Arctostaphylos,https://plants.usda.gov/java/profile?symbol=ARNE,pinemat manzanita
ARCO3,Arctostaphylos,https://plants.usda.gov/java/profile?symbol=ARPA6,greenleaf manzanita
ARNE,Arctostaphylos,https://plants.usda.gov/java/profile?symbol=ARUV,kinnikinnick
ARPA6,Arctostaphylos,https://plants.usda.gov/java/profile?symbol=ARVI4,sticky whiteleaf manzanita
ARUV,Argemone,https://plants.usda.gov/java/profile?symbol=ARALT,bluestem pricklypoppy
ARVI4,Argentina,https://plants.usda.gov/java/profile?symbol=AREG,Pacific silverweed
ARALT,Aristida,https://plants.usda.gov/java/profile?symbol=AROL,prairie threeawn
AREG,Aristida,https://plants.usda.gov/java/profile?symbol=ARPU8,arrowfeather threeawn
AROL,Aristida,https://plants.usda.gov/java/profile?symbol=ARPU9,purple threeawn
ARPU8,Aristida,https://plants.usda.gov/java/profile?symbol=ARPUW,Wright's threeawn
ARPU9,Aristida,https://plants.usda.gov/java/profile?symbol=ARRH,Florida threeawn
ARPUW,Aristida,https://plants.usda.gov/java/profile?symbol=ARST5,pineland threeawn
ARRH,Aronia,https://plants.usda.gov/java/profile?symbol=ARME6,black chokeberry
ARST5,Arrhenatherum,https://plants.usda.gov/java/profile?symbol=AREL3,tall oatgrass
ARME6,Artemisia,https://plants.usda.gov/java/profile?symbol=ARAR8,little sagebrush
AREL3,Artemisia,https://plants.usda.gov/java/profile?symbol=ARCA11,coastal sagebrush
ARAR8,Artemisia,https://plants.usda.gov/java/profile?symbol=ARCAC,field sagewort
ARCA11,Artemisia,https://plants.usda.gov/java/profile?symbol=ARDO3,Douglas' sagewort
ARCAC,Artemisia,https://plants.usda.gov/java/profile?symbol=ARDR4,tarragon
ARDO3,Artemisia,https://plants.usda.gov/java/profile?symbol=ARFR4,prairie sagewort
ARDR4,Artemisia,https://plants.usda.gov/java/profile?symbol=ARLU,white sagebrush
ARFR4,Artemisia,https://plants.usda.gov/java/profile?symbol=ARNO4,black sagebrush
ARLU,Artemisia,https://plants.usda.gov/java/profile?symbol=ARTR2,big sagebrush
ARNO4,Artemisia,https://plants.usda.gov/java/profile?symbol=ARTRP2,big sagebrush
ARTR2,Artemisia,https://plants.usda.gov/java/profile?symbol=ARTRS2,big sagebrush
ARTRP2,Artemisia,https://plants.usda.gov/java/profile?symbol=ARTRT,basin big sagebrush
ARTRS2,Artemisia,https://plants.usda.gov/java/profile?symbol=ARTRV,mountain big sagebrush
ARTRT,Artemisia,https://plants.usda.gov/java/profile?symbol=ARTRW8,Wyoming big sagebrush
ARTRV,Artemisia,https://plants.usda.gov/java/profile?symbol=ARTRX,big sagebrush
ARTRW8,Arundinaria,https://plants.usda.gov/java/profile?symbol=ARGI,giant cane
ARTRX,Arundinaria,https://plants.usda.gov/java/profile?symbol=ARTE4,switchcane
ARGI,Asarum,https://plants.usda.gov/java/profile?symbol=ASCA,Canadian wildginger
ARTE4,Asclepias,https://plants.usda.gov/java/profile?symbol=ASCO,heartleaf milkweed
ARGIT8,Asclepias,https://plants.usda.gov/java/profile?symbol=ASFA,Mexican whorled milkweed
ASCA,Asclepias,https://plants.usda.gov/java/profile?symbol=ASIN,swamp milkweed
ASCO,Asclepias,https://plants.usda.gov/java/profile?symbol=ASME,Mead's milkweed
ASFA,Asclepias,https://plants.usda.gov/java/profile?symbol=ASSP,showy milkweed
ASIN,Asclepias,https://plants.usda.gov/java/profile?symbol=ASSY,common milkweed
ASME,Asclepias,https://plants.usda.gov/java/profile?symbol=ASTU,butterfly milkweed
ASSP,Asclepias,https://plants.usda.gov/java/profile?symbol=ASVE2,woolly milkweed
ASSY,Asclepias,https://plants.usda.gov/java/profile?symbol=ASVI2,green antelopehorn
ASTU,Asclepias,https://plants.usda.gov/java/profile?symbol=ASWE3,Welsh's milkweed
ASVE2,Asimina,https://plants.usda.gov/java/profile?symbol=ASTR,pawpaw
ASVI2,Astragalus,https://plants.usda.gov/java/profile?symbol=ASAN7,Goose Creek milkvetch
ASWE3,Astragalus,https://plants.usda.gov/java/profile?symbol=ASCA11,Canadian milkvetch
ASTR,Astragalus,https://plants.usda.gov/java/profile?symbol=ASCAB,shorttooth Canadian milkvetch
ASAN7,Astragalus,https://plants.usda.gov/java/profile?symbol=ASCI4,chickpea milkvetch
ASCA11,Astragalus,https://plants.usda.gov/java/profile?symbol=ASCUP,Packard's milkvetch
ASCAB,Astragalus,https://plants.usda.gov/java/profile?symbol=ASDE2,deseret milkvetch
ASCI4,Astragalus,https://plants.usda.gov/java/profile?symbol=ASER4,hermit milkvetch
ASCUP,Astragalus,https://plants.usda.gov/java/profile?symbol=ASHO5,Paradox milkvetch
ASDE2,Astragalus,https://plants.usda.gov/java/profile?symbol=ASHU,Mancos milkvetch
ASER4,Astragalus,https://plants.usda.gov/java/profile?symbol=ASLIM,Monti's milkvetch
ASAM14,Astragalus,https://plants.usda.gov/java/profile?symbol=ASOS,Kremmling milkvetch
ASHO5,Atriplex,https://plants.usda.gov/java/profile?symbol=ATAC,tubercled saltbush
ASHU,Atriplex,https://plants.usda.gov/java/profile?symbol=ATCA2,fourwing saltbush
ASLIM,Atriplex,https://plants.usda.gov/java/profile?symbol=ATCO,shadscale saltbush
ASOS,Atriplex,https://plants.usda.gov/java/profile?symbol=ATLE,big saltbush
ATAC,Avena,https://plants.usda.gov/java/profile?symbol=AVST2,black oats
ATCA2,Avicennia,https://plants.usda.gov/java/profile?symbol=AVGE,black mangrove
ATCO,Axonopus,https://plants.usda.gov/java/profile?symbol=AXFI,common carpetgrass
ATLE,Baccharis,https://plants.usda.gov/java/profile?symbol=BAHA,eastern baccharis
AVST2,Baccharis,https://plants.usda.gov/java/profile?symbol=BAPI,coyotebrush
AVGE,Balsamorhiza,https://plants.usda.gov/java/profile?symbol=BAHO,Hooker's balsamroot
AXFI,Balsamorhiza,https://plants.usda.gov/java/profile?symbol=BAMA4,cutleaf balsamroot
BAHA,Balsamorhiza,https://plants.usda.gov/java/profile?symbol=BASA3,arrowleaf balsamroot
BAPI,Baptisia,https://plants.usda.gov/java/profile?symbol=BAAU,blue wild indigo
BAHO,Baptisia,https://plants.usda.gov/java/profile?symbol=BATI,horseflyweed
BAMA4,Bassia,https://plants.usda.gov/java/profile?symbol=BAPR5,forage kochia
BASA3,Bassia,https://plants.usda.gov/java/profile?symbol=BASC5,burningbush
BAAU,Beckmannia,https://plants.usda.gov/java/profile?symbol=BESY,American sloughgrass
BATI,Berteroa,https://plants.usda.gov/java/profile?symbol=BEIN2,hoary alyssum
BAPR5,Betula,https://plants.usda.gov/java/profile?symbol=BEAL2,yellow birch
BASC5,Betula,https://plants.usda.gov/java/profile?symbol=BENI,river birch
KOSC,Betula,https://plants.usda.gov/java/profile?symbol=BEOC2,water birch
BESY,Betula,https://plants.usda.gov/java/profile?symbol=BEPA,paper birch
BEIN2,Betula,https://plants.usda.gov/java/profile?symbol=BEPO,gray birch
BEAL2,Bidens,https://plants.usda.gov/java/profile?symbol=BIAR,bearded beggarticks
BENI,Bignonia,https://plants.usda.gov/java/profile?symbol=BICA,crossvine
BEOC2,Bolboschoenus,https://plants.usda.gov/java/profile?symbol=BOMA7,cosmopolitan bulrush
BEPA,Bolboschoenus,https://plants.usda.gov/java/profile?symbol=BORO5,sturdy bulrush
BEPO,Bommeria,https://plants.usda.gov/java/profile?symbol=BOHI,copper fern
BIAR,Bothriochloa,https://plants.usda.gov/java/profile?symbol=BOBA3,cane bluestem
BICA,Bothriochloa,https://plants.usda.gov/java/profile?symbol=BOBL,Caucasian bluestem
BOMA7,Bothriochloa,https://plants.usda.gov/java/profile?symbol=BOSA,silver bluestem
SCMA8,Bouteloua,https://plants.usda.gov/java/profile?symbol=BOBR,gypsum grama
BORO5,Bouteloua,https://plants.usda.gov/java/profile?symbol=BOCU,sideoats grama
SCRO5,Bouteloua,https://plants.usda.gov/java/profile?symbol=BOCUC,sideoats grama
BOHI,Bouteloua,https://plants.usda.gov/java/profile?symbol=BODA2,buffalograss
BOBA3,Bouteloua,https://plants.usda.gov/java/profile?symbol=BOER4,black grama
BOBL,Bouteloua,https://plants.usda.gov/java/profile?symbol=BOGR2,blue grama
BOSA,Bouteloua,https://plants.usda.gov/java/profile?symbol=BOHI2,hairy grama
BOBR,Bouteloua,https://plants.usda.gov/java/profile?symbol=BOTR2,red grama
BOCU,Brassica,https://plants.usda.gov/java/profile?symbol=BRRAR,field mustard
BOCUC,Brodiaea,https://plants.usda.gov/java/profile?symbol=BRCO3,crown brodiaea
BODA2,Bromus,https://plants.usda.gov/java/profile?symbol=BRAR5,field brome
BUDA,Bromus,https://plants.usda.gov/java/profile?symbol=BRBI2,meadow brome
BOER4,Bromus,https://plants.usda.gov/java/profile?symbol=BRCA5,California brome
BOGR2,Bromus,https://plants.usda.gov/java/profile?symbol=BRHOH,soft brome
BOHI2,Bromus,https://plants.usda.gov/java/profile?symbol=BRIN2,smooth brome
BOTR2,Bromus,https://plants.usda.gov/java/profile?symbol=BRMA4,mountain brome
BRRAR,Bromus,https://plants.usda.gov/java/profile?symbol=BRTE,cheatgrass
BRCO3,Bromus,https://plants.usda.gov/java/profile?symbol=BRVU,Columbia brome
BRAR5,Buddleja,https://plants.usda.gov/java/profile?symbol=BUDA2,orange eye butterflybush
BRBI2,Cajanus,https://plants.usda.gov/java/profile?symbol=CACA27,pigeonpea
BRCA5,Calamagrostis,https://plants.usda.gov/java/profile?symbol=CACA4,bluejoint
BRHOH,Calamovilfa,https://plants.usda.gov/java/profile?symbol=CAGI3,giant sandreed
BRIN2,Calamovilfa,https://plants.usda.gov/java/profile?symbol=CALO,prairie sandreed
BRMA4,Calandrinia,https://plants.usda.gov/java/profile?symbol=CACI2,fringed redmaids
BRTE,Callicarpa,https://plants.usda.gov/java/profile?symbol=CAAM2,American beautyberry
BRVU,Calocedrus,https://plants.usda.gov/java/profile?symbol=CADE27,incense cedar
BUDA2,Calochortus,https://plants.usda.gov/java/profile?symbol=CALU9,yellow mariposa lily
CACA27,Calochortus,https://plants.usda.gov/java/profile?symbol=CASU3,yellow mariposa
CACA4,Calochortus,https://plants.usda.gov/java/profile?symbol=CAVE3,butterfly mariposa lily
CAGI3,Calylophus,https://plants.usda.gov/java/profile?symbol=CASE12,yellow sundrops
CALO,Camassia,https://plants.usda.gov/java/profile?symbol=CAQUB2,small camas
CACI2,Camassia,https://plants.usda.gov/java/profile?symbol=CAQUQ,small camas
CAAM2,Camelina,https://plants.usda.gov/java/profile?symbol=CASA2,false flax
CADE27,Campsis,https://plants.usda.gov/java/profile?symbol=CARA2,trumpet creeper
CALU9,Canavalia,https://plants.usda.gov/java/profile?symbol=CAEN4,jack bean
CASU3,Caragana,https://plants.usda.gov/java/profile?symbol=CAAR18,Siberian peashrub
CAVE3,Carex,https://plants.usda.gov/java/profile?symbol=CAAQ,water sedge
CASE12,Carex,https://plants.usda.gov/java/profile?symbol=CABA4,Santa Barbara sedge
CAQUB2,Carex,https://plants.usda.gov/java/profile?symbol=CANE2,Nebraska sedge
CAQUQ,Carex,https://plants.usda.gov/java/profile?symbol=CAOB3,slough sedge
CASA2,Carex,https://plants.usda.gov/java/profile?symbol=CASP35,Navajo sedge
CARA2,Carex,https://plants.usda.gov/java/profile?symbol=CAVU2,fox sedge
CAEN4,Carnegiea,https://plants.usda.gov/java/profile?symbol=CAGI10,saguaro
CAAR18,Carpinus,https://plants.usda.gov/java/profile?symbol=CACA18,American hornbeam
CAAQ,Carya,https://plants.usda.gov/java/profile?symbol=CAIL2,pecan
CABA4,Carya,https://plants.usda.gov/java/profile?symbol=CALA21,shellbark hickory
CANE2,Castanea,https://plants.usda.gov/java/profile?symbol=CAPU9,chinquapin
CAOB3,Castilleja,https://plants.usda.gov/java/profile?symbol=CACH19,Christ's Indian paintbrush
CASP35,Catalpa,https://plants.usda.gov/java/profile?symbol=CABI8,southern catalpa
CASP9,Catalpa,https://plants.usda.gov/java/profile?symbol=CASP8,northern catalpa
CAVU2,Ceanothus,https://plants.usda.gov/java/profile?symbol=CEAM,New Jersey tea
CAGI10,Ceanothus,https://plants.usda.gov/java/profile?symbol=CECO,whitethorn ceanothus
CAGI7,Ceanothus,https://plants.usda.gov/java/profile?symbol=CECU,buckbrush
CACA18,Ceanothus,https://plants.usda.gov/java/profile?symbol=CEFL4,flexible ceanothus
CAIL2,Ceanothus,https://plants.usda.gov/java/profile?symbol=CEHE,Jersey tea
CALA21,Celastrus,https://plants.usda.gov/java/profile?symbol=CESC,American bittersweet
CAPU9,Celtis,https://plants.usda.gov/java/profile?symbol=CELA,sugarberry
CACH19,Celtis,https://plants.usda.gov/java/profile?symbol=CEOC,common hackberry
CABI8,Cenchrus,https://plants.usda.gov/java/profile?symbol=CESP4,coastal sandbur
CASP8,Centaurea,https://plants.usda.gov/java/profile?symbol=CESO3,yellow star-thistle
CEAM,Centaurea,https://plants.usda.gov/java/profile?symbol=CEST8,spotted knapweed
CECO,Cephalanthus,https://plants.usda.gov/java/profile?symbol=CEOC2,common buttonbush
CECU,Cercis,https://plants.usda.gov/java/profile?symbol=CECA4,eastern redbud
CEFL4,Cercis,https://plants.usda.gov/java/profile?symbol=CEOR9,California redbud
CEHE,Chaenactis,https://plants.usda.gov/java/profile?symbol=CHDO,Douglas' dustymaiden
CESC,Chamaecrista,https://plants.usda.gov/java/profile?symbol=CHFA2,partridge pea
CELA,Chamaecrista,https://plants.usda.gov/java/profile?symbol=CHNI2,sensitive partridge pea
CEOC,Chamaecyparis,https://plants.usda.gov/java/profile?symbol=CHTH2,Atlantic white cedar
CESP4,Chamaedaphne,https://plants.usda.gov/java/profile?symbol=CHCA2,leatherleaf
CESO3,Chamerion,https://plants.usda.gov/java/profile?symbol=CHAN9,fireweed
CEST8,Chasmanthium,https://plants.usda.gov/java/profile?symbol=CHLA5,Indian woodoats
CEOC2,Chenopodium,https://plants.usda.gov/java/profile?symbol=CHOA,alaweo
CECA4,Chilopsis,https://plants.usda.gov/java/profile?symbol=CHLI2,desert willow
CEOR9,Chloris,https://plants.usda.gov/java/profile?symbol=CHCU2,hooded windmill grass
CHDO,Chloris,https://plants.usda.gov/java/profile?symbol=CHVE2,tumble windmill grass
CHFA2,Chlorogalum,https://plants.usda.gov/java/profile?symbol=CHPO3,wavyleaf soap plant
CHNI2,Chondrilla,https://plants.usda.gov/java/profile?symbol=CHJU,rush skeletonweed
CHTH2,Chrysothamnus,https://plants.usda.gov/java/profile?symbol=CHVI8,yellow rabbitbrush
CHCA2,Cirsium,https://plants.usda.gov/java/profile?symbol=CIDI,field thistle
CHAN9,Clarkia,https://plants.usda.gov/java/profile?symbol=CLAM,farewell to spring
CHLA5,Clematis,https://plants.usda.gov/java/profile?symbol=CLFR,Fremont's leather flower
CHOA,Clematis,https://plants.usda.gov/java/profile?symbol=CLLI2,western white clematis
CHLI2,Cleome,https://plants.usda.gov/java/profile?symbol=CLIS,bladderpod spiderflower
CHCU2,Cleome,https://plants.usda.gov/java/profile?symbol=CLLU2,yellow spiderflower
CHVE2,Clethra,https://plants.usda.gov/java/profile?symbol=CLAL3,coastal sweetpepperbush
CHPO3,Coelorachis,https://plants.usda.gov/java/profile?symbol=COCY,cylinder jointtail grass
CHJU,Colocasia,https://plants.usda.gov/java/profile?symbol=COES,coco yam
CHVI8,Commelina,https://plants.usda.gov/java/profile?symbol=COER,whitemouth dayflower
CIDI,Commelina,https://plants.usda.gov/java/profile?symbol=COERA,whitemouth dayflower
CLAM,Comptonia,https://plants.usda.gov/java/profile?symbol=COPE80,sweet fern
CLFR,Conoclinium,https://plants.usda.gov/java/profile?symbol=COCO13,blue mistflower
CLLI2,Conyza,https://plants.usda.gov/java/profile?symbol=COCA5,Canadian horseweed
CLIS,Coreopsis,https://plants.usda.gov/java/profile?symbol=COLA5,lanceleaf tickseed
CLLU2,Coreopsis,https://plants.usda.gov/java/profile?symbol=COTI3,golden tickseed
CLAL3,Cornus,https://plants.usda.gov/java/profile?symbol=COAM2,silky dogwood
COCY,Cornus,https://plants.usda.gov/java/profile?symbol=COFL2,flowering dogwood
COES,Cornus,https://plants.usda.gov/java/profile?symbol=COFO,stiff dogwood
COER,Cornus,https://plants.usda.gov/java/profile?symbol=CORA6,gray dogwood
COERA,Cornus,https://plants.usda.gov/java/profile?symbol=COSE16,redosier dogwood
COPE80,Cornus,https://plants.usda.gov/java/profile?symbol=COSEO,western dogwood
COCO13,Cornus,https://plants.usda.gov/java/profile?symbol=COSES,redosier dogwood
COCA5,Corylus,https://plants.usda.gov/java/profile?symbol=COAM3,American hazelnut
COLA5,Corylus,https://plants.usda.gov/java/profile?symbol=COCO6,beaked hazelnut
COTI3,Corylus,https://plants.usda.gov/java/profile?symbol=COCOC,California hazelnut
COAM2,Cotoneaster,https://plants.usda.gov/java/profile?symbol=COIN16,cotoneaster
COFL2,Crataegus,https://plants.usda.gov/java/profile?symbol=CRAE,may hawthorn
COFO,Crataegus,https://plants.usda.gov/java/profile?symbol=CRAN6,Arnold hawthorn
CORA6,Crataegus,https://plants.usda.gov/java/profile?symbol=CRBE2,barberry hawthorn
COSE16,Crataegus,https://plants.usda.gov/java/profile?symbol=CRBR3,Brainerd's hawthorn
COSEO,Crataegus,https://plants.usda.gov/java/profile?symbol=CRCA,pear hawthorn
COSES,Crataegus,https://plants.usda.gov/java/profile?symbol=CRCH,fireberry hawthorn
COAM3,Crataegus,https://plants.usda.gov/java/profile?symbol=CRCO2,Kansas hawthorn
COCO6,Crataegus,https://plants.usda.gov/java/profile?symbol=CRCR2,cockspur hawthorn
COCOC,Crataegus,https://plants.usda.gov/java/profile?symbol=CRDO2,black hawthorn
COIN16,Crataegus,https://plants.usda.gov/java/profile?symbol=CRER,cerro hawthorn
CRAE,Crataegus,https://plants.usda.gov/java/profile?symbol=CRFL,fanleaf hawthorn
CRAN6,Crataegus,https://plants.usda.gov/java/profile?symbol=CRFL2,yellowleaf hawthorn
CRBE2,Crataegus,https://plants.usda.gov/java/profile?symbol=CRIN3,Copenhagen hawthorn
CRBR3,Crataegus,https://plants.usda.gov/java/profile?symbol=CROP,western mayhaw
CRCA,Crepis,https://plants.usda.gov/java/profile?symbol=CRAC2,tapertip hawksbeard
CRCH,Crepis,https://plants.usda.gov/java/profile?symbol=CRIN4,limestone hawksbeard
CRCO2,Crotalaria,https://plants.usda.gov/java/profile?symbol=CRJU,sunn hemp
CRCR2,Ctenium,https://plants.usda.gov/java/profile?symbol=CTAR,toothache grass
CRDO2,Cycladenia,https://plants.usda.gov/java/profile?symbol=CYHUJ,Jones' waxydogbane
CRER,Cylindropuntia,https://plants.usda.gov/java/profile?symbol=CYACA2,buckhorn cholla
CRFL,Cynodon,https://plants.usda.gov/java/profile?symbol=CYDA,Bermudagrass
CRFL2,Cyperus,https://plants.usda.gov/java/profile?symbol=CYER,tall flatsedge
CRIN3,Cyperus,https://plants.usda.gov/java/profile?symbol=CYRO,nutgrass
CROP,Dactylis,https://plants.usda.gov/java/profile?symbol=DAGL,orchardgrass
CRAC2,Dalea,https://plants.usda.gov/java/profile?symbol=DACA7,white prairie clover
CRIN4,Dalea,https://plants.usda.gov/java/profile?symbol=DAOR2,Blue Mountain prairie clover
CRJU,Dalea,https://plants.usda.gov/java/profile?symbol=DAPU5,purple prairie clover
CTAR,Dalea,https://plants.usda.gov/java/profile?symbol=DAPUP,purple prairie clover
CYHUJ,Dalea,https://plants.usda.gov/java/profile?symbol=DASE3,Searls' prairie clover
CYACA2,Dalea,https://plants.usda.gov/java/profile?symbol=DAVI,silky prairie clover
OPAC,Danthonia,https://plants.usda.gov/java/profile?symbol=DACA3,California oatgrass
CYDA,Daucus,https://plants.usda.gov/java/profile?symbol=DAPU3,American wild carrot
CYER,Deschampsia,https://plants.usda.gov/java/profile?symbol=DECE,tufted hairgrass
CYRO,Deschampsia,https://plants.usda.gov/java/profile?symbol=DEDA,annual hairgrass
DAGL,Deschampsia,https://plants.usda.gov/java/profile?symbol=DEEL,slender hairgrass
DACA7,Desmanthus,https://plants.usda.gov/java/profile?symbol=DEIL,Illinois bundleflower
DAOR2,Desmanthus,https://plants.usda.gov/java/profile?symbol=DEVE2,velvet bundleflower
DAPU5,Desmanthus,https://plants.usda.gov/java/profile?symbol=DEVI3,wild tantan
DAPUP,Desmodium,https://plants.usda.gov/java/profile?symbol=DECA7,showy ticktrefoil
DASE3,Desmodium,https://plants.usda.gov/java/profile?symbol=DECI,hairy small-leaf ticktrefoil
DAVI,Desmodium,https://plants.usda.gov/java/profile?symbol=DEGL4,Dillenius' ticktrefoil
DACA3,Desmodium,https://plants.usda.gov/java/profile?symbol=DEPA6,panicledleaf ticktrefoil
DAPU3,Desmodium,https://plants.usda.gov/java/profile?symbol=DETR4,threeflower ticktrefoil
DECE,Dichanthelium,https://plants.usda.gov/java/profile?symbol=DICL,deertongue
DECA18,Dichanthelium,https://plants.usda.gov/java/profile?symbol=DIOLS,Scribner's rosette grass
DEDA,Dichanthelium,https://plants.usda.gov/java/profile?symbol=DISC3,velvet panicum
DEEL,Dichelostemma,https://plants.usda.gov/java/profile?symbol=DICA14,bluedicks
DEIL,Dichelostemma,https://plants.usda.gov/java/profile?symbol=DICAC5,bluedicks
DEVE2,Dichelostemma,https://plants.usda.gov/java/profile?symbol=DICAP,bluedicks
DEVI3,Digitaria,https://plants.usda.gov/java/profile?symbol=DICA8,Arizona cottontop
DECA7,Digitaria,https://plants.usda.gov/java/profile?symbol=DICO6,fall witchgrass
DECI,Diospyros,https://plants.usda.gov/java/profile?symbol=DIVI5,common persimmon
DEGL4,Distichlis,https://plants.usda.gov/java/profile?symbol=DISP,saltgrass
DEPA6,Dodonaea,https://plants.usda.gov/java/profile?symbol=DOVI,Florida hopbush
DETR4,Dracopis,https://plants.usda.gov/java/profile?symbol=DRAM,clasping coneflower
DICL,Echinacea,https://plants.usda.gov/java/profile?symbol=ECAN2,blacksamson echinacea
DIOLS,Echinacea,https://plants.usda.gov/java/profile?symbol=ECPA,pale purple coneflower
PASC5,Echinacea,https://plants.usda.gov/java/profile?symbol=ECPU,eastern purple coneflower
DISC3,Echinacea,https://plants.usda.gov/java/profile?symbol=ECSA,sanguine purple coneflower
DICA14,Echinochloa,https://plants.usda.gov/java/profile?symbol=ECES,Japanese millet
DICAC5,Echinochloa,https://plants.usda.gov/java/profile?symbol=ECFR,billion-dollar grass
DICAP,Echinodorus,https://plants.usda.gov/java/profile?symbol=ECCO3,creeping burhead
DICA8,Echium,https://plants.usda.gov/java/profile?symbol=ECVU,common viper's bugloss
DICO6,Elaeagnus,https://plants.usda.gov/java/profile?symbol=ELCO,silverberry
DIVI5,Eleocharis,https://plants.usda.gov/java/profile?symbol=ELPA3,common spikerush
DISP,Elymus,https://plants.usda.gov/java/profile?symbol=ELCA4,Canada wildrye
DOVI,Elymus,https://plants.usda.gov/java/profile?symbol=ELDA3,Dahurian wild rye
DRAM,Elymus,https://plants.usda.gov/java/profile?symbol=ELEL5,squirreltail
ECAN2,Elymus,https://plants.usda.gov/java/profile?symbol=ELELB2,squirreltail
ECPA,Elymus,https://plants.usda.gov/java/profile?symbol=ELGL3,southeastern wildrye
ECPU,Elymus,https://plants.usda.gov/java/profile?symbol=ELGL,blue wildrye
ECSA,Elymus,https://plants.usda.gov/java/profile?symbol=ELHO3,RS wheatgrass
ECES,Elymus,https://plants.usda.gov/java/profile?symbol=ELLA3,thickspike wheatgrass
ECFR,Elymus,https://plants.usda.gov/java/profile?symbol=ELLAL,thickspike wheatgrass
ECCO3,Elymus,https://plants.usda.gov/java/profile?symbol=ELLAP,Great Lakes wheatgrass
ECVU,Elymus,https://plants.usda.gov/java/profile?symbol=ELMU3,big squirreltail
ELCO,Elymus,https://plants.usda.gov/java/profile?symbol=ELTR7,slender wheatgrass
ELPA3,Elymus,https://plants.usda.gov/java/profile?symbol=ELTRT,slender wheatgrass
ELCA4,Elymus,https://plants.usda.gov/java/profile?symbol=ELVI3,Virginia wildrye
ELDA3,Elymus,https://plants.usda.gov/java/profile?symbol=ELWA2,Snake River wheatgrass
ELEL5,Encelia,https://plants.usda.gov/java/profile?symbol=ENVI,Virgin River brittlebush
ELELB2,Engelmannia,https://plants.usda.gov/java/profile?symbol=ENPE4,Engelmann's daisy
ELGL3,Ephedra,https://plants.usda.gov/java/profile?symbol=EPNE,Nevada jointfir
ELGL,Ephedra,https://plants.usda.gov/java/profile?symbol=EPVI,mormon tea
ELHO3,Epilobium,https://plants.usda.gov/java/profile?symbol=EPCA3,hummingbird trumpet
ELLA3,Eragrostis,https://plants.usda.gov/java/profile?symbol=ERCU2,weeping lovegrass
ELLAL,Eragrostis,https://plants.usda.gov/java/profile?symbol=ERIN,plains lovegrass
ELLAP,Eragrostis,https://plants.usda.gov/java/profile?symbol=ERSEO,red lovegrass
ELMU3,Eragrostis,https://plants.usda.gov/java/profile?symbol=ERSP,purple lovegrass
ELTR7,Eragrostis,https://plants.usda.gov/java/profile?symbol=ERSP2,spike lovegrass
ELTRT,Eragrostis,https://plants.usda.gov/java/profile?symbol=ERTR3,sand lovegrass
ELVI3,Eragrostis,https://plants.usda.gov/java/profile?symbol=ERVA,kawelu
ELWA2,Ericameria,https://plants.usda.gov/java/profile?symbol=ERNA10,rubber rabbitbrush
ENVI,Erigeron,https://plants.usda.gov/java/profile?symbol=ERMA8,Maguire's fleabane
ENPE4,Erigeron,https://plants.usda.gov/java/profile?symbol=ERPH,Philadelphia fleabane
EPNE,Eriochloa,https://plants.usda.gov/java/profile?symbol=ERSE5,Texas cupgrass
EPVI,Eriodictyon,https://plants.usda.gov/java/profile?symbol=ERCA6,California yerba santa
EPCA3,Eriogonum,https://plants.usda.gov/java/profile?symbol=ERCON,Las Vegas wild buckwheat
ERCU2,Eriogonum,https://plants.usda.gov/java/profile?symbol=ERFA2,Eastern Mojave buckwheat
ERIN,Eriogonum,https://plants.usda.gov/java/profile?symbol=ERHE2,parsnipflower buckwheat
ERSEO,Eriogonum,https://plants.usda.gov/java/profile?symbol=ERNI2,snow buckwheat
ERSP,Eriogonum,https://plants.usda.gov/java/profile?symbol=ERNU3,naked buckwheat
ERSP2,Eriogonum,https://plants.usda.gov/java/profile?symbol=ERPE10,clay-loving buckwheat
ERTR3,Eriogonum,https://plants.usda.gov/java/profile?symbol=ERSO2,Frisco buckwheat
ERVA,Eriogonum,https://plants.usda.gov/java/profile?symbol=ERUM,sulphur-flower buckwheat
ERNA10,Eriophyllum,https://plants.usda.gov/java/profile?symbol=ERLA6,common woolly sunflower
ERMA8,Eryngium,https://plants.usda.gov/java/profile?symbol=ERAQ,rattlesnakemaster
ERPH,Eryngium,https://plants.usda.gov/java/profile?symbol=ERYU,button eryngo
ERSE5,Eschscholzia,https://plants.usda.gov/java/profile?symbol=ESCA2,California poppy
ERCA6,Euonymus,https://plants.usda.gov/java/profile?symbol=EUAM9,bursting-heart
ERCON,Euonymus,https://plants.usda.gov/java/profile?symbol=EUBU5,winterberry euonymus
ERFA2,Eupatorium,https://plants.usda.gov/java/profile?symbol=EUPE3,common boneset
ERHE2,Euphorbia,https://plants.usda.gov/java/profile?symbol=EUES,leafy spurge
ERNI2,Eustachys,https://plants.usda.gov/java/profile?symbol=EUGL5,saltmarsh fingergrass
ERNU3,Euthamia,https://plants.usda.gov/java/profile?symbol=EUGR5,flat-top goldentop
ERPE10,Eutrema,https://plants.usda.gov/java/profile?symbol=EUPE10,Penland's eutrema
ERSO2,Eutrochium,https://plants.usda.gov/java/profile?symbol=EUFI14,trumpetweed
ERUM,Eutrochium,https://plants.usda.gov/java/profile?symbol=EUMAM4,spotted joe pye weed
ERLA6,Eysenhardtia,https://plants.usda.gov/java/profile?symbol=EYTE,Texas kidneywood
ERAQ,Fagopyrum,https://plants.usda.gov/java/profile?symbol=FAES2,buckwheat
ERYU,Festuca,https://plants.usda.gov/java/profile?symbol=FEAM5,sand fescue
ESCA2,Festuca,https://plants.usda.gov/java/profile?symbol=FEAR2,Arizona fescue
EUAM9,Festuca,https://plants.usda.gov/java/profile?symbol=FEBR7,hard fescue
EUAM7,Festuca,https://plants.usda.gov/java/profile?symbol=FECA,California fescue
EUBU5,Festuca,https://plants.usda.gov/java/profile?symbol=FECA4,rough fescue
EUBU6,Festuca,https://plants.usda.gov/java/profile?symbol=FEID,Idaho fescue
EUPE3,Festuca,https://plants.usda.gov/java/profile?symbol=FEIDR2,Roemer's fescue
EUES,Festuca,https://plants.usda.gov/java/profile?symbol=FEOV,sheep fescue
EUGL5,Festuca,https://plants.usda.gov/java/profile?symbol=FERU2,red fescue
EUGR5,Festuca,https://plants.usda.gov/java/profile?symbol=FERUA3,red fescue
EUPE10,Forestiera,https://plants.usda.gov/java/profile?symbol=FOPU2,stretchberry
EUFI14,Fragaria,https://plants.usda.gov/java/profile?symbol=FRCH,beach strawberry
EUFI2,Fragaria,https://plants.usda.gov/java/profile?symbol=FRCHC,beach strawberry
EUMAM4,Fragaria,https://plants.usda.gov/java/profile?symbol=FRCHL,beach strawberry
EUMAM3,Fragaria,https://plants.usda.gov/java/profile?symbol=FRCHP,Pacific beach strawberry
EYTE,Fragaria,https://plants.usda.gov/java/profile?symbol=FRCHS2,Sandwich beach strawberry
FAES2,Fragaria,https://plants.usda.gov/java/profile?symbol=FRVE,woodland strawberry
FEAM5,Fragaria,https://plants.usda.gov/java/profile?symbol=FRVI,Virginia strawberry
FEAR2,Frangula,https://plants.usda.gov/java/profile?symbol=FRCA12,California buckthorn
7-Feb,Fraxinus,https://plants.usda.gov/java/profile?symbol=FRAM2,white ash
FETR3,Fraxinus,https://plants.usda.gov/java/profile?symbol=FRNI,black ash
FECA,Fraxinus,https://plants.usda.gov/java/profile?symbol=FRPE,green ash
FECA4,Fremontodendron,https://plants.usda.gov/java/profile?symbol=FRCA6,California flannelbush
FEID,Fritillaria,https://plants.usda.gov/java/profile?symbol=FRAF2,checker lily
FEIDR2,Fritillaria,https://plants.usda.gov/java/profile?symbol=FRCA5,Kamchatka fritillary
FERO,Gaillardia,https://plants.usda.gov/java/profile?symbol=GAAR,blanketflower
FEOV,Geranium,https://plants.usda.gov/java/profile?symbol=GEVI2,sticky purple geranium
FERU2,Ginkgo,https://plants.usda.gov/java/profile?symbol=GINKG,ginkgo
FERUA3,Glaucocarpum,https://plants.usda.gov/java/profile?symbol=GLSU,Uinta Basin waxfruit
FOPU2,Glechoma,https://plants.usda.gov/java/profile?symbol=GLHE2,ground ivy
FRCH,Gleditsia,https://plants.usda.gov/java/profile?symbol=GLTR,honeylocust
FRCHC,Glyceria,https://plants.usda.gov/java/profile?symbol=GLLE2,davy mannagrass
FRCHL,Glyceria,https://plants.usda.gov/java/profile?symbol=GLOC,northwestern mannagrass
FRCHP,Glyceria,https://plants.usda.gov/java/profile?symbol=GLST,fowl mannagrass
FRCHS2,Glycyrrhiza,https://plants.usda.gov/java/profile?symbol=GLLE3,American licorice
FRVE,Goodyera,https://plants.usda.gov/java/profile?symbol=GOPU,downy rattlesnake plantain
FRVI,Grindelia,https://plants.usda.gov/java/profile?symbol=GRCA,Great Valley gumweed
FRCA12,Grindelia,https://plants.usda.gov/java/profile?symbol=GRIN,Puget Sound gumweed
FRAM2,Grindelia,https://plants.usda.gov/java/profile?symbol=GRSQ,curlycup gumweed
FRNI,Gutierrezia,https://plants.usda.gov/java/profile?symbol=GUSA2,broom snakeweed
FRPE,Gymnocladus,https://plants.usda.gov/java/profile?symbol=GYDI,Kentucky coffeetree
FRCA6,Halogeton,https://plants.usda.gov/java/profile?symbol=HAGL,saltlover
FRAF2,Hedysarum,https://plants.usda.gov/java/profile?symbol=HEBO,Utah sweetvetch
FRCA5,Helianthella,https://plants.usda.gov/java/profile?symbol=HEUN,oneflower helianthella
GAAR,Helianthus,https://plants.usda.gov/java/profile?symbol=HEAN3,common sunflower
GEVI2,Helianthus,https://plants.usda.gov/java/profile?symbol=HEDED,cucumberleaf sunflower
GINKG,Helianthus,https://plants.usda.gov/java/profile?symbol=HEMA2,Maximilian sunflower
GLSU,Helianthus,https://plants.usda.gov/java/profile?symbol=HEMO2,ashy sunflower
GLHE2,Helianthus,https://plants.usda.gov/java/profile?symbol=HEPA19,stiff sunflower
GLTR,Heliomeris,https://plants.usda.gov/java/profile?symbol=HEMU3,showy goldeneye
GLLE2,Heliopsis,https://plants.usda.gov/java/profile?symbol=HEHE5,smooth oxeye
GLOC,Heliopsis,https://plants.usda.gov/java/profile?symbol=HEHES,smooth oxeye
GLST,Heliotropium,https://plants.usda.gov/java/profile?symbol=HEIN,Indian heliotrope
GLEL,Hemizonia,https://plants.usda.gov/java/profile?symbol=HEFA,clustered tarweed
GLLE3,Hesperocyparis,https://plants.usda.gov/java/profile?symbol=HEAR22,Arizona cypress
GOPU,Hesperostipa,https://plants.usda.gov/java/profile?symbol=HECO26,needle and thread
GRCA,Hesperostipa,https://plants.usda.gov/java/profile?symbol=HECOC8,needle and thread
GRIN,Hesperoyucca,https://plants.usda.gov/java/profile?symbol=HEWH,chaparral yucca
GRSQ,Heteromeles,https://plants.usda.gov/java/profile?symbol=HEAR5,toyon
GUSA2,Heteropogon,https://plants.usda.gov/java/profile?symbol=HECO10,tanglehead
GYDI,Hierochloe,https://plants.usda.gov/java/profile?symbol=HIHIA,northern sweetgrass
HAGL,Hierochloe,https://plants.usda.gov/java/profile?symbol=HIOD,sweetgrass
HEBO,Hilaria,https://plants.usda.gov/java/profile?symbol=HIBE,curly-mesquite
HEUN,Holodiscus,https://plants.usda.gov/java/profile?symbol=HODI,oceanspray
HEAN3,Hordeum,https://plants.usda.gov/java/profile?symbol=HOBR2,meadow barley
HEDED,Hordeum,https://plants.usda.gov/java/profile?symbol=HOVU,common barley
HEMA2,Howellia,https://plants.usda.gov/java/profile?symbol=HOAQ,water howellia
HEMO2,Hudsonia,https://plants.usda.gov/java/profile?symbol=HUTO,woolly beachheather
HEPA19,Hydrastis,https://plants.usda.gov/java/profile?symbol=HYCA,goldenseal
HEMU3,Hydrolea,https://plants.usda.gov/java/profile?symbol=HYOV,ovate false fiddleleaf
HEHE5,Hypericum,https://plants.usda.gov/java/profile?symbol=HYHYH,St. Andrew's cross
HEHES,Hypericum,https://plants.usda.gov/java/profile?symbol=HYPE,common St. Johnswort
HEIN,Ilex,https://plants.usda.gov/java/profile?symbol=ILGL,inkberry
HEFA,Ilex,https://plants.usda.gov/java/profile?symbol=ILOP,American holly
HEAR22,Ilex,https://plants.usda.gov/java/profile?symbol=ILVE,common winterberry
CUAR,Ilex,https://plants.usda.gov/java/profile?symbol=ILVO,yaupon
HECO26,Indigofera,https://plants.usda.gov/java/profile?symbol=INMI,coastal indigo
HECOC8,Intsia,https://plants.usda.gov/java/profile?symbol=INBI,ifil
HEWH,Ipomoea,https://plants.usda.gov/java/profile?symbol=IPLE,bush morning-glory
YUWH,Ipomopsis,https://plants.usda.gov/java/profile?symbol=IPAG,scarlet gilia
HEAR5,Iris,https://plants.usda.gov/java/profile?symbol=IRDO,Douglas iris
HECO10,Iris,https://plants.usda.gov/java/profile?symbol=IRFE,Fernald's iris
HIHIA,Iris,https://plants.usda.gov/java/profile?symbol=IRMA,bowltube iris
HIOD,Iris,https://plants.usda.gov/java/profile?symbol=IRMI,Rocky Mountain iris
HIBE,Iris,https://plants.usda.gov/java/profile?symbol=IRPS,paleyellow iris
HODI,Iris,https://plants.usda.gov/java/profile?symbol=IRPU,Purdy's iris
HOBR2,Iris,https://plants.usda.gov/java/profile?symbol=IRVE2,harlequin blueflag
HOVU,Iris,https://plants.usda.gov/java/profile?symbol=IRVI,Virginia iris
HOAQ,Iva,https://plants.usda.gov/java/profile?symbol=IVFR,Jesuit's bark
HUTO,Juglans,https://plants.usda.gov/java/profile?symbol=JUCI,butternut
HYCA,Juglans,https://plants.usda.gov/java/profile?symbol=JUMI,little walnut
HYOV,Juglans,https://plants.usda.gov/java/profile?symbol=JUNI,black walnut
HYHYH,Juncus,https://plants.usda.gov/java/profile?symbol=JUARL,mountain rush
HYPE,Juncus,https://plants.usda.gov/java/profile?symbol=JUEF,common rush
ILGL,Juncus,https://plants.usda.gov/java/profile?symbol=JULE,salt rush
ILOP,Juncus,https://plants.usda.gov/java/profile?symbol=JURO,needlegrass rush
ILVE,Juncus,https://plants.usda.gov/java/profile?symbol=JUTE,poverty rush
ILVO,Juncus,https://plants.usda.gov/java/profile?symbol=JUTE2,basket rush
INMI,Juniperus,https://plants.usda.gov/java/profile?symbol=JUCO12,shore juniper
INMIL,Juniperus,https://plants.usda.gov/java/profile?symbol=JUPI,Pinchot's juniper
INBI,Juniperus,https://plants.usda.gov/java/profile?symbol=JUSC2,Rocky Mountain juniper
IPLE,Juniperus,https://plants.usda.gov/java/profile?symbol=JUVI,eastern redcedar
IPAG,Koeleria,https://plants.usda.gov/java/profile?symbol=KOMA,prairie Junegrass
IRDO,Krascheninnikovia,https://plants.usda.gov/java/profile?symbol=KRLA2,winterfat
IRFE,Kummerowia,https://plants.usda.gov/java/profile?symbol=KUST,Korean clover
IRMA,Kummerowia,https://plants.usda.gov/java/profile?symbol=KUST2,Japanese clover
IRMI,Lablab,https://plants.usda.gov/java/profile?symbol=LAPU6,hyacinthbean
IRPS,Lagerstroemia,https://plants.usda.gov/java/profile?symbol=LAIN,crapemyrtle
IRPU,Lamium,https://plants.usda.gov/java/profile?symbol=LAAM,henbit deadnettle
IRVE2,Larix,https://plants.usda.gov/java/profile?symbol=LALA,tamarack
IRVI,Lathyrus,https://plants.usda.gov/java/profile?symbol=LALA4,perennial pea
IVFR,Lathyrus,https://plants.usda.gov/java/profile?symbol=LASY,flat pea
JUCI,Ledum,https://plants.usda.gov/java/profile?symbol=LEGR,bog Labrador tea
JUMI,Leersia,https://plants.usda.gov/java/profile?symbol=LEOR,rice cutgrass
JUNI,Leersia,https://plants.usda.gov/java/profile?symbol=LEVI2,whitegrass
JUARL,Lens,https://plants.usda.gov/java/profile?symbol=LECU2,lentil
JUBA,Lepidium,https://plants.usda.gov/java/profile?symbol=LEBA,Barneby's pepperweed
JUEF,Lepidium,https://plants.usda.gov/java/profile?symbol=LEOS,Ostler's pepperweed
JULE,Lepidium,https://plants.usda.gov/java/profile?symbol=LEPA17,Idaho pepperweed
JURO,Leptochloa,https://plants.usda.gov/java/profile?symbol=LEDU,green sprangletop
JUTE,Lespedeza,https://plants.usda.gov/java/profile?symbol=LEBI2,shrub lespedeza
JUTE2,Lespedeza,https://plants.usda.gov/java/profile?symbol=LECA8,roundhead lespedeza
JUCO12,Lespedeza,https://plants.usda.gov/java/profile?symbol=LECU,sericea lespedeza
JUPI,Lespedeza,https://plants.usda.gov/java/profile?symbol=LETH4,Thunberg's lespedeza
JUSC2,Lesquerella,https://plants.usda.gov/java/profile?symbol=LERU4,tum bladderpod
JUVI,Leucaena,https://plants.usda.gov/java/profile?symbol=LERE5,littleleaf leadtree
KOMA,Lewisia,https://plants.usda.gov/java/profile?symbol=LERE7,bitter root
KRLA2,Leymus,https://plants.usda.gov/java/profile?symbol=LEAN3,Altai wildrye
KUST,Leymus,https://plants.usda.gov/java/profile?symbol=LECI4,basin wildrye
KUST2,Leymus,https://plants.usda.gov/java/profile?symbol=LEMU11,manystem wildrye
LAPU6,Leymus,https://plants.usda.gov/java/profile?symbol=LERA5,mammoth wildrye
LAIN,Leymus,https://plants.usda.gov/java/profile?symbol=LETR5,beardless wildrye
LAAM,Liatris,https://plants.usda.gov/java/profile?symbol=LIPU,dotted blazing star
LALA,Liatris,https://plants.usda.gov/java/profile?symbol=LIPY,prairie blazing star
LALA4,Ligustrum,https://plants.usda.gov/java/profile?symbol=LISI,Chinese privet
LASY,Lilium,https://plants.usda.gov/java/profile?symbol=LIPA,leopard lily
LEGR,Lindera,https://plants.usda.gov/java/profile?symbol=LIBE3,northern spicebush
LEOR,Lindera,https://plants.usda.gov/java/profile?symbol=LIBEB,northern spicebush
LEVI2,Lindera,https://plants.usda.gov/java/profile?symbol=LIBEP,northern spicebush
LECU2,Linum,https://plants.usda.gov/java/profile?symbol=LILE3,Lewis flax
LEBA,Linum,https://plants.usda.gov/java/profile?symbol=LIPE2,blue flax
LEOS,Liquidambar,https://plants.usda.gov/java/profile?symbol=LIST2,sweetgum
LEPA17,Liriodendron,https://plants.usda.gov/java/profile?symbol=LITU,tuliptree
LEDU,Lobelia,https://plants.usda.gov/java/profile?symbol=LOCA2,cardinalflower
LEBI2,Lobelia,https://plants.usda.gov/java/profile?symbol=LOIN,Indian-tobacco
LECA8,Lobelia,https://plants.usda.gov/java/profile?symbol=LOSI,great blue lobelia
LECU,Lolium,https://plants.usda.gov/java/profile?symbol=LOPE,perennial ryegrass
LETH4,Lolium,https://plants.usda.gov/java/profile?symbol=LOPEM2,Italian ryegrass
LERU4,Lolium,https://plants.usda.gov/java/profile?symbol=LOPEP,perennial ryegrass
LERE5,Lomatium,https://plants.usda.gov/java/profile?symbol=LODI,fernleaf biscuitroot
LERE7,Lomatium,https://plants.usda.gov/java/profile?symbol=LOGR,Gray's biscuitroot
LEAN3,Lomatium,https://plants.usda.gov/java/profile?symbol=LONU2,barestem biscuitroot
LECI4,Lomatium,https://plants.usda.gov/java/profile?symbol=LOTR2,nineleaf biscuitroot
LEMU11,Lonicera,https://plants.usda.gov/java/profile?symbol=LOCA7,American fly honeysuckle
LERA5,Lonicera,https://plants.usda.gov/java/profile?symbol=LOIN5,twinberry honeysuckle
LETR5,Lotus,https://plants.usda.gov/java/profile?symbol=LOCO6,bird's-foot trefoil
LIPU,Lotus,https://plants.usda.gov/java/profile?symbol=LOCR,big deervetch
LIPY,Lotus,https://plants.usda.gov/java/profile?symbol=LOUT3,Utah bird's-foot trefoil
LISI,Ludwigia,https://plants.usda.gov/java/profile?symbol=LUDE4,wingleaf primrose-willow
LIPA,Lupinus,https://plants.usda.gov/java/profile?symbol=LUAL22,white lupine
LIBE3,Lupinus,https://plants.usda.gov/java/profile?symbol=LUDEA,whitewhorl lupine
LIBEB,Lupinus,https://plants.usda.gov/java/profile?symbol=LUEL4,elegant lupine
LIBEP,Lupinus,https://plants.usda.gov/java/profile?symbol=LUNO,Nootka lupine
LILE3,Lupinus,https://plants.usda.gov/java/profile?symbol=LUPE3,sundial lupine
LIPE2,Lupinus,https://plants.usda.gov/java/profile?symbol=LUPO2,bigleaf lupine
LIST2,Lupinus,https://plants.usda.gov/java/profile?symbol=LURI,riverbank lupine
LITU,Lupinus,https://plants.usda.gov/java/profile?symbol=LUSE4,silky lupine
LOCA2,Lythrum,https://plants.usda.gov/java/profile?symbol=LYSA2,purple loosestrife
LOIN,Machaeranthera,https://plants.usda.gov/java/profile?symbol=MABIB,Bigelow's tansyaster
LOSI,Machaeranthera,https://plants.usda.gov/java/profile?symbol=MACA2,hoary tansyaster
LOPE,Maclura,https://plants.usda.gov/java/profile?symbol=MAPO,Osage-orange
LOPEM2,Madia,https://plants.usda.gov/java/profile?symbol=MAEL,common madia
LOPEP,Madia,https://plants.usda.gov/java/profile?symbol=MAGL2,mountain tarweed
LODI,Madia,https://plants.usda.gov/java/profile?symbol=MAGR3,grassy tarweed
LOGR,Madia,https://plants.usda.gov/java/profile?symbol=MASA,coast tarweed
LONU2,Magnolia,https://plants.usda.gov/java/profile?symbol=MAGR4,southern magnolia
LOTR2,Magnolia,https://plants.usda.gov/java/profile?symbol=MAVI2,sweetbay
LOCA7,Malus,https://plants.usda.gov/java/profile?symbol=MALUS,apple
LOIN5,Malus,https://plants.usda.gov/java/profile?symbol=MAAN3,southern crab apple
LOCO6,Malus,https://plants.usda.gov/java/profile?symbol=MAMA37,Manchurian crab apple
LOCR,Mangifera,https://plants.usda.gov/java/profile?symbol=MAIN3,mango
LOUT3,Manihot,https://plants.usda.gov/java/profile?symbol=MAES,cassava
LUDE4,Medicago,https://plants.usda.gov/java/profile?symbol=MEPO3,burclover
LUAL22,Medicago,https://plants.usda.gov/java/profile?symbol=MESA,alfalfa
LUDEA,Medicago,https://plants.usda.gov/java/profile?symbol=MESAF,yellow alfalfa
LUEL4,Melica,https://plants.usda.gov/java/profile?symbol=MENI,threeflower melicgrass
LUNO,Melica,https://plants.usda.gov/java/profile?symbol=MESP,purple oniongrass
LUPE3,Melilotus,https://plants.usda.gov/java/profile?symbol=MEOF,sweetclover
LUPO2,Mentzelia,https://plants.usda.gov/java/profile?symbol=MEDI,bushy blazingstar
LURI,Mentzelia,https://plants.usda.gov/java/profile?symbol=MELA2,smoothstem blazingstar
LUSE4,Mimosa,https://plants.usda.gov/java/profile?symbol=MIST2,powderpuff
LYSA2,Mirabilis,https://plants.usda.gov/java/profile?symbol=MIMA2,MacFarlane's four o'clock
MABIB,Monarda,https://plants.usda.gov/java/profile?symbol=MODI,scarlet beebalm
MACA2,Monarda,https://plants.usda.gov/java/profile?symbol=MOFI,wild bergamot
MAPO,Monarda,https://plants.usda.gov/java/profile?symbol=MOME,purple bergamot
MAEL,Monarda,https://plants.usda.gov/java/profile?symbol=MOPU,spotted beebalm
MAGL2,Morella,https://plants.usda.gov/java/profile?symbol=MOCA6,California wax myrtle
MAGR3,Morella,https://plants.usda.gov/java/profile?symbol=MOCE2,wax myrtle
MASA,Morella,https://plants.usda.gov/java/profile?symbol=MOPE6,northern bayberry
MAGR4,Morus,https://plants.usda.gov/java/profile?symbol=MOAL,white mulberry
MAVI2,Morus,https://plants.usda.gov/java/profile?symbol=MORU2,red mulberry
MALUS,Muhlenbergia,https://plants.usda.gov/java/profile?symbol=MUCA2,hairawn muhly
MAAN3,Muhlenbergia,https://plants.usda.gov/java/profile?symbol=MUEX,cutover muhly
MAMA37,Muhlenbergia,https://plants.usda.gov/java/profile?symbol=MUFI3,gulfhairawn muhly
MAIN3,Muhlenbergia,https://plants.usda.gov/java/profile?symbol=MULI,Lindheimer's muhly
MAES,Muhlenbergia,https://plants.usda.gov/java/profile?symbol=MURE2,seep muhly
MEPO3,Muhlenbergia,https://plants.usda.gov/java/profile?symbol=MURI2,deergrass
MESA,Myriophyllum,https://plants.usda.gov/java/profile?symbol=MYSP2,Eurasian watermilfoil
MESAF,Nassella,https://plants.usda.gov/java/profile?symbol=NACE,nodding needlegrass
MENI,Nassella,https://plants.usda.gov/java/profile?symbol=NALE3,Texas wintergrass
MESP,Nassella,https://plants.usda.gov/java/profile?symbol=NAPU4,purple needlegrass
MEOF,Nassella,https://plants.usda.gov/java/profile?symbol=NAVI4,green needlegrass
MEDI,Nicotiana,https://plants.usda.gov/java/profile?symbol=NIRU,Aztec tobacco
MELA2,Nolina,https://plants.usda.gov/java/profile?symbol=NOMI,sacahuista
MIST2,Notholithocarpus,https://plants.usda.gov/java/profile?symbol=NODE3,tanoak
MIMA2,Nothoscordum,https://plants.usda.gov/java/profile?symbol=NOBI2,crowpoison
MODI,Nuphar,https://plants.usda.gov/java/profile?symbol=NULU,yellow pond-lily
MOFI,Nyssa,https://plants.usda.gov/java/profile?symbol=NYBI,swamp tupelo
MOME,Nyssa,https://plants.usda.gov/java/profile?symbol=NYSY,blackgum
MOPU,Oemleria,https://plants.usda.gov/java/profile?symbol=OECE,Indian plum
MOCA6,Oenothera,https://plants.usda.gov/java/profile?symbol=OEBI,common evening primrose
MOCE2,Oenothera,https://plants.usda.gov/java/profile?symbol=OEFR,narrowleaf evening primrose
MYPU,Oligoneuron,https://plants.usda.gov/java/profile?symbol=OLRIR,stiff goldenrod
MOPE6,Onobrychis,https://plants.usda.gov/java/profile?symbol=ONVI,sainfoin
MOAL,Opuntia,https://plants.usda.gov/java/profile?symbol=OPPO,plains pricklypear
MORU2,Ostrya,https://plants.usda.gov/java/profile?symbol=OSVI,hophornbeam
MUCA2,Packera,https://plants.usda.gov/java/profile?symbol=PAAU3,golden ragwort
MUEX,Packera,https://plants.usda.gov/java/profile?symbol=PACA15,woolly groundsel
MUCAT,Packera,https://plants.usda.gov/java/profile?symbol=PAMU11,lobeleaf groundsel
MUFI3,Packera,https://plants.usda.gov/java/profile?symbol=PAST10,Rocky Mountain groundsel
MULI,Panax,https://plants.usda.gov/java/profile?symbol=PAQU,American ginseng
MURE2,Panicum,https://plants.usda.gov/java/profile?symbol=PAAB,cutthroat grass
MURI2,Panicum,https://plants.usda.gov/java/profile?symbol=PAAM2,bitter panicgrass
MYSP2,Panicum,https://plants.usda.gov/java/profile?symbol=PAAMA2,coastal panicgrass
NACE,Panicum,https://plants.usda.gov/java/profile?symbol=PAAN,beaked panicgrass
NALE3,Panicum,https://plants.usda.gov/java/profile?symbol=PACO2,kleingrass
NAPU4,Panicum,https://plants.usda.gov/java/profile?symbol=PADI,fall panicgrass
NAVI4,Panicum,https://plants.usda.gov/java/profile?symbol=PAHAF,Hall's panicgrass
NIRU,Panicum,https://plants.usda.gov/java/profile?symbol=PAHA2,Havard's panicgrass
NOMI,Panicum,https://plants.usda.gov/java/profile?symbol=PAHE2,maidencane
NODE3,Panicum,https://plants.usda.gov/java/profile?symbol=PAMI2,proso millet
LIDE3,Panicum,https://plants.usda.gov/java/profile?symbol=PAOB,vine mesquite
NOBI2,Panicum,https://plants.usda.gov/java/profile?symbol=PARE3,torpedo grass
NULU,Panicum,https://plants.usda.gov/java/profile?symbol=PAVI2,switchgrass
NYBI,Pappophorum,https://plants.usda.gov/java/profile?symbol=PABI2,pink pappusgrass
NYSY,Pappophorum,https://plants.usda.gov/java/profile?symbol=PAVA2,whiplash pappusgrass
OECE,Parthenium,https://plants.usda.gov/java/profile?symbol=PAIN3,wild quinine
OEBI,Parthenocissus,https://plants.usda.gov/java/profile?symbol=PAQU2,Virginia creeper
OEFR,Pascopyrum,https://plants.usda.gov/java/profile?symbol=PASM,western wheatgrass
OLRIR,Paspalum,https://plants.usda.gov/java/profile?symbol=PADE24,longtom
ONVI,Paspalum,https://plants.usda.gov/java/profile?symbol=PADI6,knotgrass
OPPO,Paspalum,https://plants.usda.gov/java/profile?symbol=PAFL4,Florida paspalum
OSVI,Paspalum,https://plants.usda.gov/java/profile?symbol=PANO2,bahiagrass
PAAU3,Paspalum,https://plants.usda.gov/java/profile?symbol=PAPL3,brownseed paspalum
PACA15,Paspalum,https://plants.usda.gov/java/profile?symbol=PASE5,thin paspalum
PAMU11,Paspalum,https://plants.usda.gov/java/profile?symbol=PAVA,seashore paspalum
PAST10,Passiflora,https://plants.usda.gov/java/profile?symbol=PAIN6,purple passionflower
PAQU,Pavonia,https://plants.usda.gov/java/profile?symbol=PALA13,Texas swampmallow
PAAB,Pediocactus,https://plants.usda.gov/java/profile?symbol=PEDE17,Despain's pincushion cactus
PAAM2,Pediocactus,https://plants.usda.gov/java/profile?symbol=PESI4,Siler pincushion cactus
PAAMA2,Pediocactus,https://plants.usda.gov/java/profile?symbol=PEWI2,Winkler's pincushion cactus
PAAN,Peltandra,https://plants.usda.gov/java/profile?symbol=PEVI,green arrow arum
PACO2,Pennisetum,https://plants.usda.gov/java/profile?symbol=PEGL2,pearl millet
PADI,Penstemon,https://plants.usda.gov/java/profile?symbol=PENST,beardtongue
PAHAF,Penstemon,https://plants.usda.gov/java/profile?symbol=PEAC,sharpleaf penstemon
PAHA2,Penstemon,https://plants.usda.gov/java/profile?symbol=PEAN4,broadbeard beardtongue
PAHE2,Penstemon,https://plants.usda.gov/java/profile?symbol=PEAT3,sulphur penstemon
PAMI2,Penstemon,https://plants.usda.gov/java/profile?symbol=PECY3,blue penstemon
PAOB,Penstemon,https://plants.usda.gov/java/profile?symbol=PECY4,bluestem beardtongue
PARE3,Penstemon,https://plants.usda.gov/java/profile?symbol=PEDE4,scabland penstemon
PAVI2,Penstemon,https://plants.usda.gov/java/profile?symbol=PEEA,firecracker penstemon
PABI2,Penstemon,https://plants.usda.gov/java/profile?symbol=PEEAE2,firecracker penstemon
PAVA2,Penstemon,https://plants.usda.gov/java/profile?symbol=PEEAE,firecracker penstemon
PAIN3,Penstemon,https://plants.usda.gov/java/profile?symbol=PEEAU,firecracker penstemon
PAQU2,Penstemon,https://plants.usda.gov/java/profile?symbol=PEGR7,large beardtongue
PASM,Penstemon,https://plants.usda.gov/java/profile?symbol=PEHU,low beardtongue
PADE24,Penstemon,https://plants.usda.gov/java/profile?symbol=PEPA6,thickleaf beardtongue
PALI7,Penstemon,https://plants.usda.gov/java/profile?symbol=PEPAC2,thickleaf beardtongue
PADI6,Penstemon,https://plants.usda.gov/java/profile?symbol=PEPAM5,mucronate penstemon
PAFL4,Penstemon,https://plants.usda.gov/java/profile?symbol=PEPAP8,thickleaf beardtongue
PANO2,Penstemon,https://plants.usda.gov/java/profile?symbol=PEPA8,Palmer's penstemon
PAPL3,Penstemon,https://plants.usda.gov/java/profile?symbol=PEPAE2,scented beardtongue
PASE5,Penstemon,https://plants.usda.gov/java/profile?symbol=PEPAM3,scented beardtongue
PAVA,Penstemon,https://plants.usda.gov/java/profile?symbol=PEPAP9,Palmer's penstemon
PAIN6,Penstemon,https://plants.usda.gov/java/profile?symbol=PERY,Rydberg's penstemon
PALA13,Penstemon,https://plants.usda.gov/java/profile?symbol=PERYA,meadow beardtongue
PEDE17,Penstemon,https://plants.usda.gov/java/profile?symbol=PERYO,herbaceous penstemon
PESI4,Penstemon,https://plants.usda.gov/java/profile?symbol=PERYR,swollen penstemon
PEWI2,Penstemon,https://plants.usda.gov/java/profile?symbol=PESCA,White River beardtongue
PEVI,Penstemon,https://plants.usda.gov/java/profile?symbol=PESP,royal penstemon
PEGL2,Penstemon,https://plants.usda.gov/java/profile?symbol=PEST2,Rocky Mountain penstemon
PENST,Penstemon,https://plants.usda.gov/java/profile?symbol=PEVE2,Venus penstemon
PEAC,Phacelia,https://plants.usda.gov/java/profile?symbol=PHAR2,Attwood's phacelia
PEAN4,Phalaris,https://plants.usda.gov/java/profile?symbol=PHAQ,bulbous canarygrass
PEAT3,Phalaris,https://plants.usda.gov/java/profile?symbol=PHAR3,reed canarygrass
PECY3,Philadelphus,https://plants.usda.gov/java/profile?symbol=PHLE4,Lewis' mock orange
PECY4,Phleum,https://plants.usda.gov/java/profile?symbol=PHPR3,timothy
PEDE4,Phragmites,https://plants.usda.gov/java/profile?symbol=PHAU7,common reed
PEEA,Physocarpus,https://plants.usda.gov/java/profile?symbol=PHCA11,Pacific ninebark
PEEAE2,Physocarpus,https://plants.usda.gov/java/profile?symbol=PHOP,common ninebark
PEEAE,Physocarpus,https://plants.usda.gov/java/profile?symbol=PHOPI,Atlantic ninebark
PEEAU,Physocarpus,https://plants.usda.gov/java/profile?symbol=PHOPO,common ninebark
PEGR7,Picea,https://plants.usda.gov/java/profile?symbol=PIEN,Engelmann spruce
PEHU,Picea,https://plants.usda.gov/java/profile?symbol=PIGL,white spruce
PEPA6,Picea,https://plants.usda.gov/java/profile?symbol=PIMA,black spruce
PEPAC2,Picea,https://plants.usda.gov/java/profile?symbol=PIPU,blue spruce
PEPAM5,Picea,https://plants.usda.gov/java/profile?symbol=PIRU,red spruce
PEPAP8,Picea,https://plants.usda.gov/java/profile?symbol=PISI,Sitka spruce
PEPA8,Pinus,https://plants.usda.gov/java/profile?symbol=PIAL,whitebark pine
PEPAE2,Pinus,https://plants.usda.gov/java/profile?symbol=PIBA2,jack pine
PEPAM3,Pinus,https://plants.usda.gov/java/profile?symbol=PIED,twoneedle pinyon
PEPAP9,Pinus,https://plants.usda.gov/java/profile?symbol=PIEL,slash pine
PERY,Pinus,https://plants.usda.gov/java/profile?symbol=PIJE,Jeffrey pine
PERYA,Pinus,https://plants.usda.gov/java/profile?symbol=PIMO,singleleaf pinyon
PERYO,Pinus,https://plants.usda.gov/java/profile?symbol=PIPA2,longleaf pine
PERYR,Pinus,https://plants.usda.gov/java/profile?symbol=PIPO,ponderosa pine
PESCA,Pinus,https://plants.usda.gov/java/profile?symbol=PIRA2,Monterey pine
PESP,Pinus,https://plants.usda.gov/java/profile?symbol=PIRE,red pine
PEST2,Pinus,https://plants.usda.gov/java/profile?symbol=PISA2,California foothill pine
PEVE2,Pinus,https://plants.usda.gov/java/profile?symbol=PIST,eastern white pine
PHAR2,Pinus,https://plants.usda.gov/java/profile?symbol=PISY,Scots pine
PHAQ,Pinus,https://plants.usda.gov/java/profile?symbol=PITH2,Japanese black pine
PHAR3,Pisum,https://plants.usda.gov/java/profile?symbol=PISA6,garden pea
PHLE4,Pityopsis,https://plants.usda.gov/java/profile?symbol=PIGR4,narrowleaf silkgrass
PHPR3,Plantago,https://plants.usda.gov/java/profile?symbol=PLHO,California plantain
PHAU7,Plantago,https://plants.usda.gov/java/profile?symbol=PLRH,redseed plantain
PHCA11,Platanthera,https://plants.usda.gov/java/profile?symbol=PLCI2,yellow fringed orchid
PHOP,Platanus,https://plants.usda.gov/java/profile?symbol=PLOC,American sycamore
PHOPI,Plectritis,https://plants.usda.gov/java/profile?symbol=PLCO4,shortspur seablush
PHOPO,Pleuraphis,https://plants.usda.gov/java/profile?symbol=PLJA,James' galleta
PIEN,Pleuraphis,https://plants.usda.gov/java/profile?symbol=PLMU3,tobosagrass
PIGL,Poa,https://plants.usda.gov/java/profile?symbol=POAR,Texas bluegrass
PIMA,Poa,https://plants.usda.gov/java/profile?symbol=POBU,bulbous bluegrass
PIPU,Poa,https://plants.usda.gov/java/profile?symbol=POCO,Canada bluegrass
PIRU,Poa,https://plants.usda.gov/java/profile?symbol=POFE,muttongrass
PISI,Poa,https://plants.usda.gov/java/profile?symbol=POPR,Kentucky bluegrass
PIAL,Poa,https://plants.usda.gov/java/profile?symbol=POSE,Sandberg bluegrass
PIBA2,Polanisia,https://plants.usda.gov/java/profile?symbol=PODOR,Rio Grande clammyweed
PIED,Poliomintha,https://plants.usda.gov/java/profile?symbol=POIN3,frosted mint
PIEL,Polygonum,https://plants.usda.gov/java/profile?symbol=POPE2,Pennsylvania smartweed
PIJE,Polyscias,https://plants.usda.gov/java/profile?symbol=POGU,geranium aralia
PIMO,Polytaenia,https://plants.usda.gov/java/profile?symbol=PONU4,Nuttall's prairie parsley
PIPA2,Pontederia,https://plants.usda.gov/java/profile?symbol=POCO14,pickerelweed
PIPO,Populus,https://plants.usda.gov/java/profile?symbol=POAN3,narrowleaf cottonwood
PIRA2,Populus,https://plants.usda.gov/java/profile?symbol=POBAT,black cottonwood
PIRE,Populus,https://plants.usda.gov/java/profile?symbol=PODE3,eastern cottonwood
PISA2,Populus,https://plants.usda.gov/java/profile?symbol=POFR2,Fremont cottonwood
PIST,Populus,https://plants.usda.gov/java/profile?symbol=POTR5,quaking aspen
PISY,Potamogeton,https://plants.usda.gov/java/profile?symbol=POCR3,curly pondweed
PITH2,Potamogeton,https://plants.usda.gov/java/profile?symbol=POPE7,claspingleaf pondweed
PISA6,Potentilla,https://plants.usda.gov/java/profile?symbol=POGR9,slender cinquefoil
PIGR4,Primula,https://plants.usda.gov/java/profile?symbol=PRCUM,Maguire's primrose
PLHO,Proboscidea,https://plants.usda.gov/java/profile?symbol=PRPA2,doubleclaw
PLRH,Prosopis,https://plants.usda.gov/java/profile?symbol=PRGL2,honey mesquite
PLCI2,Prosopis,https://plants.usda.gov/java/profile?symbol=PRGLT,western honey mesquite
PLOC,Prosopis,https://plants.usda.gov/java/profile?symbol=PRPU,screwbean mesquite
PLCO4,Prosopis,https://plants.usda.gov/java/profile?symbol=PRVE,velvet mesquite
PLJA,Prunella,https://plants.usda.gov/java/profile?symbol=PRVUL2,lance selfheal
PLMU3,Prunus,https://plants.usda.gov/java/profile?symbol=PRAM,American plum
POAR,Prunus,https://plants.usda.gov/java/profile?symbol=PRAN3,Chickasaw plum
POBU,Prunus,https://plants.usda.gov/java/profile?symbol=PREM,bitter cherry
POCO,Prunus,https://plants.usda.gov/java/profile?symbol=PRIL,hollyleaf cherry
POFE,Prunus,https://plants.usda.gov/java/profile?symbol=PRMA2,beach plum
POPR,Prunus,https://plants.usda.gov/java/profile?symbol=PRPUD,eastern sandcherry
POSE,Prunus,https://plants.usda.gov/java/profile?symbol=PRSE2,black cherry
POSC,Prunus,https://plants.usda.gov/java/profile?symbol=PRSEE,black cherry
PODOR,Prunus,https://plants.usda.gov/java/profile?symbol=PRSER2,black cherry
POIN3,Prunus,https://plants.usda.gov/java/profile?symbol=PRSES,black cherry
POPE2,Prunus,https://plants.usda.gov/java/profile?symbol=PRSEV,black cherry
POGU,Prunus,https://plants.usda.gov/java/profile?symbol=PRVI,chokecherry
PONU4,Prunus,https://plants.usda.gov/java/profile?symbol=PRVID,western chokecherry
POCO14,Prunus,https://plants.usda.gov/java/profile?symbol=PRVIM,black chokecherry
POAN3,Psathyrostachys,https://plants.usda.gov/java/profile?symbol=PSJU3,Russian wildrye
POBAT,Pseudoroegneria,https://plants.usda.gov/java/profile?symbol=PSSP6,bluebunch wheatgrass
PODE3,Pseudoroegneria,https://plants.usda.gov/java/profile?symbol=PSSPI,beardless wheatgrass
POFR2,Pseudoroegneria,https://plants.usda.gov/java/profile?symbol=PSSPS,bluebunch wheatgrass
POTR5,Pseudotsuga,https://plants.usda.gov/java/profile?symbol=PSME,Douglas-fir
POCR3,Purshia,https://plants.usda.gov/java/profile?symbol=PUTR2,antelope bitterbrush
POPE7,Pycnanthemum,https://plants.usda.gov/java/profile?symbol=PYTE,narrowleaf mountainmint
POGR9,Quercus,https://plants.usda.gov/java/profile?symbol=QUAC80,sawtooth oak
PRCUM,Quercus,https://plants.usda.gov/java/profile?symbol=QUAG,California live oak
PRPA2,Quercus,https://plants.usda.gov/java/profile?symbol=QUAL,white oak
PRGL2,Quercus,https://plants.usda.gov/java/profile?symbol=QUBI,swamp white oak
PRGLT,Quercus,https://plants.usda.gov/java/profile?symbol=QUCH2,canyon live oak
PRPU,Quercus,https://plants.usda.gov/java/profile?symbol=QUDO,blue oak
PRVE,Quercus,https://plants.usda.gov/java/profile?symbol=QUEL,northern pin oak
PRVUL2,Quercus,https://plants.usda.gov/java/profile?symbol=QUGA4,Oregon white oak
PRAM,Quercus,https://plants.usda.gov/java/profile?symbol=QUKE,California black oak
PRAN3,Quercus,https://plants.usda.gov/java/profile?symbol=QULO,valley oak
PREM,Quercus,https://plants.usda.gov/java/profile?symbol=QULY,overcup oak
PRIL,Quercus,https://plants.usda.gov/java/profile?symbol=QUMA2,bur oak
PRMA2,Quercus,https://plants.usda.gov/java/profile?symbol=QUMI,swamp chestnut oak
PRPUD,Quercus,https://plants.usda.gov/java/profile?symbol=QUPA5,cherrybark oak
PRSE2,Quercus,https://plants.usda.gov/java/profile?symbol=QUPA2,pin oak
PRSEE,Quercus,https://plants.usda.gov/java/profile?symbol=QUPH,willow oak
PRSER2,Quercus,https://plants.usda.gov/java/profile?symbol=QURU,northern red oak
PRSES,Quercus,https://plants.usda.gov/java/profile?symbol=QUSH,Shumard's oak
PRSEV,Quercus,https://plants.usda.gov/java/profile?symbol=QUVI,live oak
PRVI,Quercus,https://plants.usda.gov/java/profile?symbol=QUWI2,interior live oak
PRVID,Ranunculus,https://plants.usda.gov/java/profile?symbol=RAAC3,tall buttercup
PRVIM,Ranunculus,https://plants.usda.gov/java/profile?symbol=RAAE,fall buttercup
PSJU3,Ranunculus,https://plants.usda.gov/java/profile?symbol=RAOC,western buttercup
PSSP6,Raphanus,https://plants.usda.gov/java/profile?symbol=RASA2,cultivated radish
PSSPI,Ratibida,https://plants.usda.gov/java/profile?symbol=RACO3,upright prairie coneflower
PSSPS,Ratibida,https://plants.usda.gov/java/profile?symbol=RAPI,pinnate prairie coneflower
PSME,Redfieldia,https://plants.usda.gov/java/profile?symbol=REFL,blowout grass
PUTR2,Rhexia,https://plants.usda.gov/java/profile?symbol=RHMA,Maryland meadowbeauty
PYTE,Rhus,https://plants.usda.gov/java/profile?symbol=RHAR4,fragrant sumac
QUAC80,Rhus,https://plants.usda.gov/java/profile?symbol=RHARA,fragrant sumac
QUAG,Rhus,https://plants.usda.gov/java/profile?symbol=RHARA2,fragrant sumac
QUAL,Rhus,https://plants.usda.gov/java/profile?symbol=RHARS,fragrant sumac
QUBI,Rhus,https://plants.usda.gov/java/profile?symbol=RHCO,winged sumac
QUCH2,Rhus,https://plants.usda.gov/java/profile?symbol=RHGL,smooth sumac
QUDO,Rhus,https://plants.usda.gov/java/profile?symbol=RHTR,skunkbush sumac
QUEL,Rhus,https://plants.usda.gov/java/profile?symbol=RHTRA,skunkbush sumac
QUGA4,Rhus,https://plants.usda.gov/java/profile?symbol=RHTRP,pubescent skunkbush sumac
QUKE,Rhus,https://plants.usda.gov/java/profile?symbol=RHTRQ,skunkbush sumac
QULO,Rhus,https://plants.usda.gov/java/profile?symbol=RHTRR,skunkbush sumac
QULY,Rhus,https://plants.usda.gov/java/profile?symbol=RHTRS,skunkbush sumac
QUMA2,Rhus,https://plants.usda.gov/java/profile?symbol=RHTRT,skunkbush sumac
QUMI,Rhus,https://plants.usda.gov/java/profile?symbol=RHTY,staghorn sumac
QUPA5,Ribes,https://plants.usda.gov/java/profile?symbol=RIAM2,American black currant
QUPA2,Ribes,https://plants.usda.gov/java/profile?symbol=RIAU,golden currant
QUPH,Ribes,https://plants.usda.gov/java/profile?symbol=RIAUA,golden currant
QURU,Ribes,https://plants.usda.gov/java/profile?symbol=RIAUG,golden currant
QUSH,Ribes,https://plants.usda.gov/java/profile?symbol=RIAUV,golden currant
QUVI,Ribes,https://plants.usda.gov/java/profile?symbol=RISA,redflower currant
QUWI2,Robinia,https://plants.usda.gov/java/profile?symbol=ROHIF8,bristly locust
RAAC3,Robinia,https://plants.usda.gov/java/profile?symbol=ROPS,black locust
RAAE,Rosa,https://plants.usda.gov/java/profile?symbol=ROCA3,dog rose
RAOC,Rosa,https://plants.usda.gov/java/profile?symbol=ROGY,dwarf rose
RASA2,Rosa,https://plants.usda.gov/java/profile?symbol=RONU,Nootka rose
RACO3,Rosa,https://plants.usda.gov/java/profile?symbol=ROPA,swamp rose
RAPI,Rosa,https://plants.usda.gov/java/profile?symbol=RORU82,sweetbriar rose
REFL,Rosa,https://plants.usda.gov/java/profile?symbol=RORU,rugosa rose
RHMA,Rosa,https://plants.usda.gov/java/profile?symbol=ROVI2,Virginia rose
RHAR4,Rosa,https://plants.usda.gov/java/profile?symbol=ROVIL,Virginia rose
RHARA,Rosa,https://plants.usda.gov/java/profile?symbol=ROVIV2,Virginia rose
RHARA2,Rosa,https://plants.usda.gov/java/profile?symbol=ROWO,Woods' rose
RHARS,Rosa,https://plants.usda.gov/java/profile?symbol=ROWOG,Woods' rose
RHCO,Rosa,https://plants.usda.gov/java/profile?symbol=ROWOG2,Tehachapi rose
RHGL,Rosa,https://plants.usda.gov/java/profile?symbol=ROWOU,Woods' rose
RHTR,Rosa,https://plants.usda.gov/java/profile?symbol=ROWOW,Woods' rose
RHTRA,Rubus,https://plants.usda.gov/java/profile?symbol=RUAR9,Himalayan blackberry
RHTRP,Rubus,https://plants.usda.gov/java/profile?symbol=RUID,American red raspberry
RHTRQ,Rubus,https://plants.usda.gov/java/profile?symbol=RUSP,salmonberry
RHTRR,Rudbeckia,https://plants.usda.gov/java/profile?symbol=RUHI2,blackeyed Susan
RHTRS,Sabal,https://plants.usda.gov/java/profile?symbol=SAMI8,dwarf palmetto
RHTRT,Sabal,https://plants.usda.gov/java/profile?symbol=SAPA,cabbage palmetto
RHTY,Saccharum,https://plants.usda.gov/java/profile?symbol=SABRC3,sortbeard plumegrass
RHHI2,Sagittaria,https://plants.usda.gov/java/profile?symbol=SACU,arumleaf arrowhead
RIAM2,Sagittaria,https://plants.usda.gov/java/profile?symbol=SALA2,broadleaf arrowhead
RIAU,Salix,https://plants.usda.gov/java/profile?symbol=SAAM2,peachleaf willow
RIAUA,Salix,https://plants.usda.gov/java/profile?symbol=SABE2,Bebb willow
RIAUG,Salix,https://plants.usda.gov/java/profile?symbol=SACO28,Cottet willow
RIAUV,Salix,https://plants.usda.gov/java/profile?symbol=SADR,Drummond's willow
RISA,Salix,https://plants.usda.gov/java/profile?symbol=SAEX,narrowleaf willow
ROHIF8,Salix,https://plants.usda.gov/java/profile?symbol=SAHU2,prairie willow
ROPS,Salix,https://plants.usda.gov/java/profile?symbol=SAIN3,sandbar willow
ROCA3,Salix,https://plants.usda.gov/java/profile?symbol=SALE,Lemmon's willow
ROGY,Salix,https://plants.usda.gov/java/profile?symbol=SALU,shining willow
RONU,Salix,https://plants.usda.gov/java/profile?symbol=SALUL,Pacific willow
ROPA,Salix,https://plants.usda.gov/java/profile?symbol=SANI,black willow
RORU82,Salix,https://plants.usda.gov/java/profile?symbol=SAPR3,MacKenzie's willow
RORU,Salix,https://plants.usda.gov/java/profile?symbol=SAPU2,purpleosier willow
ROVI2,Salix,https://plants.usda.gov/java/profile?symbol=SASI2,Sitka willow
ROVIL,Salvia,https://plants.usda.gov/java/profile?symbol=SAAP2,white sage
ROVIV2,Salvia,https://plants.usda.gov/java/profile?symbol=SAAZG,pitcher sage
ROWO,Salvia,https://plants.usda.gov/java/profile?symbol=SACO6,chia
ROWOG,Salvia,https://plants.usda.gov/java/profile?symbol=SADO4,purple sage
ROWOG2,Salvia,https://plants.usda.gov/java/profile?symbol=SALY2,lyreleaf sage
ROWOU,Sambucus,https://plants.usda.gov/java/profile?symbol=SANIC4,American black elderberry
ROWOW,Sambucus,https://plants.usda.gov/java/profile?symbol=SANIC5,blue elderberry
RUAR9,Sambucus,https://plants.usda.gov/java/profile?symbol=SARA2,red elderberry
RUID,Sanguisorba,https://plants.usda.gov/java/profile?symbol=SAMI3,small burnet
RUSP,Sarcobatus,https://plants.usda.gov/java/profile?symbol=SAVE4,greasewood
RUHI2,Sassafras,https://plants.usda.gov/java/profile?symbol=SAAL5,sassafras
SAMI8,Saxifraga,https://plants.usda.gov/java/profile?symbol=SAOR2,Oregon saxifrage
SAPA,Schedonorus,https://plants.usda.gov/java/profile?symbol=SCAR7,tall fescue
SABRC3,Schizachyrium,https://plants.usda.gov/java/profile?symbol=SCLI11,shore little bluestem
SACU,Schizachyrium,https://plants.usda.gov/java/profile?symbol=SCMA3,gulf bluestem
SALA2,Schizachyrium,https://plants.usda.gov/java/profile?symbol=SCSC,little bluestem
SAAM2,Schizachyrium,https://plants.usda.gov/java/profile?symbol=SCSCD,little bluestem
SABE2,Schizachyrium,https://plants.usda.gov/java/profile?symbol=SCSCS3,creeping bluestem
SACO28,Schizachyrium,https://plants.usda.gov/java/profile?symbol=SCTE5,slender little bluestem
SADR,Schleinitzia,https://plants.usda.gov/java/profile?symbol=SCFO2,strand tangantangan
SAEX,Schoenocrambe,https://plants.usda.gov/java/profile?symbol=SCAR5,Uinta Basin plainsmustard
SAHU2,Schoenocrambe,https://plants.usda.gov/java/profile?symbol=SCBA80,Syes Butte plainsmustard
SAIN3,Schoenoplectus,https://plants.usda.gov/java/profile?symbol=SCAC3,hardstem bulrush
SALE,Schoenoplectus,https://plants.usda.gov/java/profile?symbol=SCACO2,tule
SALU,Schoenoplectus,https://plants.usda.gov/java/profile?symbol=SCAM6,chairmaker's bulrush
SALUL,Schoenoplectus,https://plants.usda.gov/java/profile?symbol=SCCA11,California bulrush
SANI,Schoenoplectus,https://plants.usda.gov/java/profile?symbol=SCPU10,common threesquare
SAPR3,Schoenoplectus,https://plants.usda.gov/java/profile?symbol=SCTA2,softstem bulrush
SAPU2,Scirpus,https://plants.usda.gov/java/profile?symbol=SCCY,woolgrass
SASI2,Sclerocactus,https://plants.usda.gov/java/profile?symbol=SCGL3,Colorado hookless cactus
SAAP2,Sclerocactus,https://plants.usda.gov/java/profile?symbol=SCWR,Wright's fishhook cactus
SAAZG,Scleropogon,https://plants.usda.gov/java/profile?symbol=SCBR2,burrograss
SACO6,Secale,https://plants.usda.gov/java/profile?symbol=SECE,cereal rye
SADO4,Securigera,https://plants.usda.gov/java/profile?symbol=SEVA4,crownvetch
SALY2,Senecio,https://plants.usda.gov/java/profile?symbol=SEAT,tall blacktip ragwort
SANIC4,Senecio,https://plants.usda.gov/java/profile?symbol=SEIN2,lambstongue ragwort
SANIC5,Senecio,https://plants.usda.gov/java/profile?symbol=SEJA,stinking willie
SARA2,Senna,https://plants.usda.gov/java/profile?symbol=SEHE3,American senna
SAMI3,Serenoa,https://plants.usda.gov/java/profile?symbol=SERE2,saw palmetto
SAVE4,Sesamum,https://plants.usda.gov/java/profile?symbol=SEOR4,sesame
SAAL5,Sesbania,https://plants.usda.gov/java/profile?symbol=SEHE8,bigpod sesbania
SAOR2,Setaria,https://plants.usda.gov/java/profile?symbol=SEIT,foxtail millet
SCAR7,Setaria,https://plants.usda.gov/java/profile?symbol=SELE6,streambed bristlegrass
LOAR10,Setaria,https://plants.usda.gov/java/profile?symbol=SEPA10,marsh bristlegrass
SCLI11,Setaria,https://plants.usda.gov/java/profile?symbol=SEVU2,plains bristlegrass
SCMA3,Shepherdia,https://plants.usda.gov/java/profile?symbol=SHAR,silver buffaloberry
SCSC,Shepherdia,https://plants.usda.gov/java/profile?symbol=SHCA,russet buffaloberry
SCSCD,Sidalcea,https://plants.usda.gov/java/profile?symbol=SICA2,meadow checkerbloom
SCSCS3,Sidalcea,https://plants.usda.gov/java/profile?symbol=SIMAV,dwarf checkerbloom
SCTE5,Silene,https://plants.usda.gov/java/profile?symbol=SISP2,Spalding's silene
SCFO2,Silphium,https://plants.usda.gov/java/profile?symbol=SILA3,compassplant
SCAR5,Silphium,https://plants.usda.gov/java/profile?symbol=SIPE2,cup plant
SCBA80,Silphium,https://plants.usda.gov/java/profile?symbol=SIPEC2,cup plant
SCAC3,Silphium,https://plants.usda.gov/java/profile?symbol=SIPEP,cup plant
SCACO2,Simsia,https://plants.usda.gov/java/profile?symbol=SICA7,awnless bushsunflower
SCAM6,Sisyrinchium,https://plants.usda.gov/java/profile?symbol=SIID,Idaho blue-eyed grass
SCCA11,Solanum,https://plants.usda.gov/java/profile?symbol=SOEL,silverleaf nightshade
SCPU10,Solanum,https://plants.usda.gov/java/profile?symbol=SOME,eggplant
SCTA2,Solidago,https://plants.usda.gov/java/profile?symbol=SOCA6,Canada goldenrod
SCCY,Solidago,https://plants.usda.gov/java/profile?symbol=SOMI2,Missouri goldenrod
SCGL3,Solidago,https://plants.usda.gov/java/profile?symbol=SONE,gray goldenrod
SCWR,Solidago,https://plants.usda.gov/java/profile?symbol=SOSE,seaside goldenrod
SCBR2,Sorghastrum,https://plants.usda.gov/java/profile?symbol=SONU2,Indiangrass
SECE,Sorghastrum,https://plants.usda.gov/java/profile?symbol=SOSE5,lopsided Indiangrass
SEVA4,Sorghum,https://plants.usda.gov/java/profile?symbol=SOBI2,sorghum
COVA2,Sparganium,https://plants.usda.gov/java/profile?symbol=SPAM,American bur-reed
SEAT,Sparganium,https://plants.usda.gov/java/profile?symbol=SPAN,branched bur-reed
SEIN2,Sparganium,https://plants.usda.gov/java/profile?symbol=SPAN2,narrowleaf bur-reed
SEJA,Sparganium,https://plants.usda.gov/java/profile?symbol=SPER,simplestem bur-reed
SEHE3,Sparganium,https://plants.usda.gov/java/profile?symbol=SPERS2,simplestem bur-reed
SERE2,Sparganium,https://plants.usda.gov/java/profile?symbol=SPEU,broadfruit bur-reed
SEOR4,Sparganium,https://plants.usda.gov/java/profile?symbol=SPFL,floating bur-reed
SEHE8,Sparganium,https://plants.usda.gov/java/profile?symbol=SPGL,clustered bur-reed
SEIT,Sparganium,https://plants.usda.gov/java/profile?symbol=SPHY,northern bur-reed
SELE6,Sparganium,https://plants.usda.gov/java/profile?symbol=SPNA,small bur-reed
SEPA10,Spartina,https://plants.usda.gov/java/profile?symbol=SPAL,smooth cordgrass
SEVU2,Spartina,https://plants.usda.gov/java/profile?symbol=SPBA,sand cordgrass
SHAR,Spartina,https://plants.usda.gov/java/profile?symbol=SPCY,big cordgrass
SHCA,Spartina,https://plants.usda.gov/java/profile?symbol=SPPA,saltmeadow cordgrass
SICA2,Spartina,https://plants.usda.gov/java/profile?symbol=SPPE,prairie cordgrass
SIMAV,Spartina,https://plants.usda.gov/java/profile?symbol=SPSP,gulf cordgrass
SIVI3,Sphaeralcea,https://plants.usda.gov/java/profile?symbol=SPAM2,desert globemallow
SISP2,Sphaeralcea,https://plants.usda.gov/java/profile?symbol=SPCO,scarlet globemallow
SILA3,Sphaeralcea,https://plants.usda.gov/java/profile?symbol=SPGI2,Gierisch's globemallow
SIPE2,Sphaeralcea,https://plants.usda.gov/java/profile?symbol=SPGR2,gooseberryleaf globemallow
SIPEC2,Sphaeralcea,https://plants.usda.gov/java/profile?symbol=SPMU2,Munro's globemallow
SIPEP,Spiraea,https://plants.usda.gov/java/profile?symbol=SPDO,rose spirea
SICA7,Spiranthes,https://plants.usda.gov/java/profile?symbol=SPDI6,Ute lady's tresses
SIID,Sporobolus,https://plants.usda.gov/java/profile?symbol=SPAI,alkali sacaton
SOEL,Sporobolus,https://plants.usda.gov/java/profile?symbol=SPCOC2,composite dropseed
SOME,Sporobolus,https://plants.usda.gov/java/profile?symbol=SPCO4,spike dropseed
SOCA6,Sporobolus,https://plants.usda.gov/java/profile?symbol=SPCR,sand dropseed
SOMI2,Sporobolus,https://plants.usda.gov/java/profile?symbol=SPCU,Curtis' dropseed
SONE,Sporobolus,https://plants.usda.gov/java/profile?symbol=SPFL3,Florida dropseed
SOSE,Sporobolus,https://plants.usda.gov/java/profile?symbol=SPJU,pineywoods dropseed
SONU2,Sporobolus,https://plants.usda.gov/java/profile?symbol=SPTE5,Texas dropseed
SOSE5,Sporobolus,https://plants.usda.gov/java/profile?symbol=SPVI3,seashore dropseed
SOBI2,Sporobolus,https://plants.usda.gov/java/profile?symbol=SPWR2,big sacaton
SPAM,Strophostyles,https://plants.usda.gov/java/profile?symbol=STHE9,amberique-bean
SPAN,Stuckenia,https://plants.usda.gov/java/profile?symbol=STPE15,sago pondweed
SPAN2,Symphoricarpos,https://plants.usda.gov/java/profile?symbol=SYAL,common snowberry
SPER,Symphyotrichum,https://plants.usda.gov/java/profile?symbol=SYAS3,western aster
SPERS2,Symphyotrichum,https://plants.usda.gov/java/profile?symbol=SYCH4,Pacific aster
SPEU,Symphyotrichum,https://plants.usda.gov/java/profile?symbol=SYERE,white heath aster
SPFL,Symphyotrichum,https://plants.usda.gov/java/profile?symbol=SYLAL3,smooth blue aster
SPGL,Symphyotrichum,https://plants.usda.gov/java/profile?symbol=SYLAL4,white panicle aster
SPHY,Symphyotrichum,https://plants.usda.gov/java/profile?symbol=SYNO2,New England aster
SPNA,Symphyotrichum,https://plants.usda.gov/java/profile?symbol=SYNON,New York aster
SPAL,Symphyotrichum,https://plants.usda.gov/java/profile?symbol=SYOB,aromatic aster
SPBA,Symphyotrichum,https://plants.usda.gov/java/profile?symbol=SYPR6,crookedstem aster
SPCY,Syringa,https://plants.usda.gov/java/profile?symbol=SYVI3,villous lilac
SPPA,Syringa,https://plants.usda.gov/java/profile?symbol=SYVU,common lilac
SPPE,Taeniatherum,https://plants.usda.gov/java/profile?symbol=TACA8,medusahead
SPSP,Taxodium,https://plants.usda.gov/java/profile?symbol=TADI2,bald cypress
SPAM2,Tetradymia,https://plants.usda.gov/java/profile?symbol=TECA2,spineless horsebrush
SPCO,Tetradymia,https://plants.usda.gov/java/profile?symbol=TESP2,shortspine horsebrush
SPGI2,Thalia,https://plants.usda.gov/java/profile?symbol=THDE,powdery alligator-flag
SPGR2,Thermopsis,https://plants.usda.gov/java/profile?symbol=THMOM3,mountain goldenbanner
SPMU2,Thinopyrum,https://plants.usda.gov/java/profile?symbol=THIN6,intermediate wheatgrass
SPDO,Thinopyrum,https://plants.usda.gov/java/profile?symbol=THPO7,tall wheatgrass
SPDI6,Thuja,https://plants.usda.gov/java/profile?symbol=THOC2,arborvitae
SPAI,Thuja,https://plants.usda.gov/java/profile?symbol=THPL,western redcedar
SPCOC2,Tilia,https://plants.usda.gov/java/profile?symbol=TIAM,American basswood
SPCO4,Tilia,https://plants.usda.gov/java/profile?symbol=TIAMA,American basswood
SPCR,Tilia,https://plants.usda.gov/java/profile?symbol=TIAMC,Carolina basswood
SPCU,Tilia,https://plants.usda.gov/java/profile?symbol=TIAMH,American basswood
SPFL3,Tillandsia,https://plants.usda.gov/java/profile?symbol=TIUS,Spanish moss
SPJU,Torreyochloa,https://plants.usda.gov/java/profile?symbol=TOPAP3,pale false mannagrass
SPTE5,Townsendia,https://plants.usda.gov/java/profile?symbol=TOAP,Last Chance Townsend daisy
SPVI3,Tradescantia,https://plants.usda.gov/java/profile?symbol=TRVI,Virginia spiderwort
SPWR2,Triadica,https://plants.usda.gov/java/profile?symbol=TRSE6,Chinese tallow
STHE9,Trichloris,https://plants.usda.gov/java/profile?symbol=TRCR9,false Rhodes grass
STHE4,Trichloris,https://plants.usda.gov/java/profile?symbol=TRPL3,multiflower false Rhodes grass
STPE15,Trichostema,https://plants.usda.gov/java/profile?symbol=TRLA4,vinegarweed
SYAL,Tridens,https://plants.usda.gov/java/profile?symbol=TRAL2,white tridens
SYAS3,Tridens,https://plants.usda.gov/java/profile?symbol=TRFL2,purpletop tridens
SYCH4,Tridens,https://plants.usda.gov/java/profile?symbol=TRMU,slim tridens
SYERE,Tridens,https://plants.usda.gov/java/profile?symbol=TRST2,longspike tridens
SYLAL3,Trifolium,https://plants.usda.gov/java/profile?symbol=TRFR2,strawberry clover
SYLAL4,Trifolium,https://plants.usda.gov/java/profile?symbol=TRFR4,Frisco clover
SYNO2,Trifolium,https://plants.usda.gov/java/profile?symbol=TRHI4,rose clover
SYNON,Trifolium,https://plants.usda.gov/java/profile?symbol=TRHY,alsike clover
SYOB,Trifolium,https://plants.usda.gov/java/profile?symbol=TRIN3,crimson clover
SYPR6,Trifolium,https://plants.usda.gov/java/profile?symbol=TRPR2,red clover
SYVI3,Trifolium,https://plants.usda.gov/java/profile?symbol=TRRE3,white clover
SYVU,Trifolium,https://plants.usda.gov/java/profile?symbol=TRVE,arrowleaf clover
TACA8,Trifolium,https://plants.usda.gov/java/profile?symbol=TRWO,cows clover
TADI2,Tripsacum,https://plants.usda.gov/java/profile?symbol=TRDA3,eastern gamagrass
TECA2,Triteleia,https://plants.usda.gov/java/profile?symbol=TRHY3,white brodiaea
TESP2,Triteleia,https://plants.usda.gov/java/profile?symbol=TRIX,prettyface
THDE,Triteleia,https://plants.usda.gov/java/profile?symbol=TRLA16,Ithuriel's spear
THMOM3,Tsuga,https://plants.usda.gov/java/profile?symbol=TSCA,eastern hemlock
THIN6,Tsuga,https://plants.usda.gov/java/profile?symbol=TSHE,western hemlock
THPO7,Typha,https://plants.usda.gov/java/profile?symbol=TYAN,narrowleaf cattail
THOC2,Typha,https://plants.usda.gov/java/profile?symbol=TYDO,southern cattail
THPL,Typha,https://plants.usda.gov/java/profile?symbol=TYLA,broadleaf cattail
TIAM,Ulmus,https://plants.usda.gov/java/profile?symbol=ULPA,Chinese elm
TIAMA,Ulmus,https://plants.usda.gov/java/profile?symbol=ULPU,Siberian elm
TIAMC,Ulmus,https://plants.usda.gov/java/profile?symbol=ULRU,slippery elm
TIAMH,Umbellularia,https://plants.usda.gov/java/profile?symbol=UMCA,California laurel
TIUS,Uniola,https://plants.usda.gov/java/profile?symbol=UNPA,seaoats
TOPAP3,Urochloa,https://plants.usda.gov/java/profile?symbol=URRA,browntop millet
TOAP,Vaccinium,https://plants.usda.gov/java/profile?symbol=VACO,highbush blueberry
TRVI,Vaccinium,https://plants.usda.gov/java/profile?symbol=VADE,Cascade bilberry
TRSE6,Vaccinium,https://plants.usda.gov/java/profile?symbol=VAME,thinleaf huckleberry
TRCR9,Vaccinium,https://plants.usda.gov/java/profile?symbol=VAOV2,California huckleberry
CHCR,Vaccinium,https://plants.usda.gov/java/profile?symbol=VAOX,small cranberry
TRPL3,Vaccinium,https://plants.usda.gov/java/profile?symbol=VAPA,red huckleberry
CHPL2,Vaccinium,https://plants.usda.gov/java/profile?symbol=VASC,grouse whortleberry
TRLA4,Ventenata,https://plants.usda.gov/java/profile?symbol=VEDU,North Africa grass
TRAL2,Verbena,https://plants.usda.gov/java/profile?symbol=VEHA2,swamp verbena
TRFL2,Veronicastrum,https://plants.usda.gov/java/profile?symbol=VEVI4,Culver's root
TRMU,Vetiveria,https://plants.usda.gov/java/profile?symbol=VEZI80,vetivergrass
TRST2,Viburnum,https://plants.usda.gov/java/profile?symbol=VIAC,mapleleaf viburnum
TRFR2,Viburnum,https://plants.usda.gov/java/profile?symbol=VIDE,southern arrowwood
TRFR4,Viburnum,https://plants.usda.gov/java/profile?symbol=VIDED4,southern arrowwood
TRHI4,Viburnum,https://plants.usda.gov/java/profile?symbol=VIDEV,southern arrowwood
TRHY,Viburnum,https://plants.usda.gov/java/profile?symbol=VILE,nannyberry
TRIN3,Viburnum,https://plants.usda.gov/java/profile?symbol=VIOPA2,American cranberrybush
TRPR2,Vicia,https://plants.usda.gov/java/profile?symbol=VIAM,American vetch
TRRE3,Vicia,https://plants.usda.gov/java/profile?symbol=VILU,Louisiana vetch
TRVE,Vicia,https://plants.usda.gov/java/profile?symbol=VIVI,winter vetch
TRWO,Vicia,https://plants.usda.gov/java/profile?symbol=VIVIV8,winter vetch
TRDA3,Vigna,https://plants.usda.gov/java/profile?symbol=VILU3,hairypod cowpea
TRHY3,Vigna,https://plants.usda.gov/java/profile?symbol=VIUN,cowpea
TRIX,Vigna,https://plants.usda.gov/java/profile?symbol=VIUNS2,yardlong bean
TRLA16,Vinca,https://plants.usda.gov/java/profile?symbol=VIMI2,common periwinkle
TSCA,Viola,https://plants.usda.gov/java/profile?symbol=VIAD,hookedspur violet
TSHE,Vulpia,https://plants.usda.gov/java/profile?symbol=VUMY,annual fescue
TYAN,Washingtonia,https://plants.usda.gov/java/profile?symbol=WAFI,California fan palm
TYDO,Wedelia,https://plants.usda.gov/java/profile?symbol=WEACH,hairy wedelia
TYLA,Xerophyllum,https://plants.usda.gov/java/profile?symbol=XETE,common beargrass
ULPA,Yucca,https://plants.usda.gov/java/profile?symbol=YUFI,Adam's needle
ULPU,Zamia,https://plants.usda.gov/java/profile?symbol=ZAPU,coontie
ULRU,Zanthoxylum,https://plants.usda.gov/java/profile?symbol=ZAAM,common pricklyash
UMCA,Zea,https://plants.usda.gov/java/profile?symbol=ZEME,Mexican teosinte
UNPA,Zigadenus,https://plants.usda.gov/java/profile?symbol=ZIVE,meadow deathcamas
URRA,Zinnia,https://plants.usda.gov/java/profile?symbol=ZIAC,desert zinnia
VACO,Zizaniopsis,https://plants.usda.gov/java/profile?symbol=ZIMI,giant cutgrass
VADE,Zizia,https://plants.usda.gov/java/profile?symbol=ZIAU,golden zizia
VAME,Zostera,https://plants.usda.gov/java/profile?symbol=ZOMA,seawrack
VAOV2,,,
VAOX,,,
VAPA,,,
VASC,,,
VEDU,,,
VEHA2,,,
VEVI4,,,
VEZI80,,,
CHZI,,,
VIAC,,,
VIDE,,,
VIDED4,,,
VIDEV,,,
VILE,,,
VIOPA2,,,
VIAM,,,
VILU,,,
VIVI,,,
VIVIV8,,,
VILU3,,,
VIUN,,,
VIUNS2,,,
VIMI2,,,
VIAD,,,
VUMY,,,
WAFI,,,
WEACH,,,
WETE,,,
XETE,,,
YUFI,,,
ZAPU,,,
ZAAM,,,
ZEME,,,
ZIVE,,,
ZIAC,,,
ZIMI,,,
ZIAU,,,
ZOMA,,,
